Source, Target, Type, Id, Weight
4, 1, Directed, 1, 1
5, 1, Directed, 2, 1
6, 1, Directed, 3, 1
8, 1, Directed, 4, 1
9, 1, Directed, 5, 1
10, 1, Directed, 6, 1
12, 1, Directed, 7, 1
19, 1, Directed, 8, 3
21, 1, Directed, 9, 3
22, 1, Directed, 10, 3
23, 1, Directed, 11, 3
24, 1, Directed, 12, 3
12, 2, Directed, 13, 1
16, 2, Directed, 14, 3
19, 2, Directed, 15, 3
26, 2, Directed, 16, 3
1, 3, Directed, 17, 1
5, 3, Directed, 18, 1
13, 3, Directed, 19, 1
14, 3, Directed, 20, 1
16, 3, Directed, 21, 3
18, 3, Directed, 22, 3
20, 3, Directed, 23, 3
21, 3, Directed, 24, 3
23, 3, Directed, 25, 3
24, 3, Directed, 26, 3
2, 4, Directed, 27, 1
3, 4, Directed, 28, 1
6, 4, Directed, 29, 1
14, 4, Directed, 30, 1
16, 4, Directed, 31, 3
18, 4, Directed, 32, 3
20, 4, Directed, 33, 3
24, 4, Directed, 34, 3
25, 4, Directed, 35, 3
26, 4, Directed, 36, 3
7, 5, Directed, 37, 1
8, 5, Directed, 38, 1
10, 5, Directed, 39, 1
13, 5, Directed, 40, 1
23, 5, Directed, 41, 3
25, 5, Directed, 42, 3
1, 6, Directed, 43, 1
11, 6, Directed, 44, 1
13, 6, Directed, 45, 1
20, 6, Directed, 46, 3
22, 6, Directed, 47, 3
23, 6, Directed, 48, 3
24, 6, Directed, 49, 3
3, 7, Directed, 50, 1
11, 7, Directed, 51, 1
19, 7, Directed, 52, 3
20, 7, Directed, 53, 3
21, 7, Directed, 54, 3
24, 7, Directed, 55, 3
5, 8, Directed, 56, 1
9, 8, Directed, 57, 1
11, 8, Directed, 58, 1
13, 8, Directed, 59, 1
15, 8, Directed, 60, 3
22, 8, Directed, 61, 3
23, 8, Directed, 62, 3
24, 8, Directed, 63, 3
25, 8, Directed, 64, 3
3, 9, Directed, 65, 1
5, 9, Directed, 66, 1
12, 9, Directed, 67, 1
15, 9, Directed, 68, 3
16, 9, Directed, 69, 3
18, 9, Directed, 70, 3
19, 9, Directed, 71, 3
21, 9, Directed, 72, 3
22, 9, Directed, 73, 3
24, 9, Directed, 74, 3
26, 9, Directed, 75, 3
8, 10, Directed, 76, 1
18, 10, Directed, 77, 3
19, 10, Directed, 78, 3
20, 10, Directed, 79, 3
24, 10, Directed, 80, 3
5, 11, Directed, 81, 1
8, 11, Directed, 82, 1
12, 11, Directed, 83, 1
16, 11, Directed, 84, 3
18, 11, Directed, 85, 3
20, 11, Directed, 86, 3
21, 11, Directed, 87, 3
24, 11, Directed, 88, 3
25, 11, Directed, 89, 3
2, 12, Directed, 90, 1
3, 12, Directed, 91, 1
8, 12, Directed, 92, 1
16, 12, Directed, 93, 3
18, 12, Directed, 94, 3
19, 12, Directed, 95, 3
22, 12, Directed, 96, 3
1, 13, Directed, 97, 1
5, 13, Directed, 98, 1
6, 13, Directed, 99, 1
7, 13, Directed, 100, 1
8, 13, Directed, 101, 1
9, 13, Directed, 102, 1
10, 13, Directed, 103, 1
12, 13, Directed, 104, 1
15, 13, Directed, 105, 3
21, 13, Directed, 106, 3
22, 13, Directed, 107, 3
25, 13, Directed, 108, 3
1, 14, Directed, 109, 1
2, 14, Directed, 110, 1
3, 14, Directed, 111, 1
4, 14, Directed, 112, 1
5, 14, Directed, 113, 1
7, 14, Directed, 114, 1
8, 14, Directed, 115, 1
9, 14, Directed, 116, 1
11, 14, Directed, 117, 1
12, 14, Directed, 118, 1
15, 14, Directed, 119, 3
16, 14, Directed, 120, 3
18, 14, Directed, 121, 3
19, 14, Directed, 122, 3
22, 14, Directed, 123, 3
1, 15, Directed, 124, 2
2, 15, Directed, 125, 2
6, 15, Directed, 126, 2
9, 15, Directed, 127, 2
10, 15, Directed, 128, 2
18, 15, Directed, 129, 4
20, 15, Directed, 130, 4
21, 15, Directed, 131, 4
1, 16, Directed, 132, 2
4, 16, Directed, 133, 2
8, 16, Directed, 134, 2
9, 16, Directed, 135, 2
12, 16, Directed, 136, 2
13, 16, Directed, 137, 2
18, 16, Directed, 138, 4
20, 16, Directed, 139, 4
22, 16, Directed, 140, 4
25, 16, Directed, 141, 4
26, 16, Directed, 142, 4
1, 18, Directed, 143, 2
4, 18, Directed, 144, 2
7, 18, Directed, 145, 2
9, 18, Directed, 146, 2
10, 18, Directed, 147, 2
12, 18, Directed, 148, 2
13, 18, Directed, 149, 2
15, 18, Directed, 150, 4
19, 18, Directed, 151, 4
20, 18, Directed, 152, 4
1, 19, Directed, 153, 2
2, 19, Directed, 154, 2
5, 19, Directed, 155, 2
6, 19, Directed, 156, 2
13, 19, Directed, 157, 2
16, 19, Directed, 158, 4
20, 19, Directed, 159, 4
22, 19, Directed, 160, 4
23, 19, Directed, 161, 4
24, 19, Directed, 162, 4
4, 20, Directed, 163, 2
5, 20, Directed, 164, 2
11, 20, Directed, 165, 2
12, 20, Directed, 166, 2
15, 20, Directed, 167, 4
19, 20, Directed, 168, 4
22, 20, Directed, 169, 4
1, 21, Directed, 170, 2
3, 21, Directed, 171, 2
4, 21, Directed, 172, 2
6, 21, Directed, 173, 2
8, 21, Directed, 174, 2
10, 21, Directed, 175, 2
14, 21, Directed, 176, 2
18, 21, Directed, 177, 4
19, 21, Directed, 178, 4
20, 21, Directed, 179, 4
24, 21, Directed, 180, 4
6, 22, Directed, 181, 2
8, 22, Directed, 182, 2
10, 22, Directed, 183, 2
11, 22, Directed, 184, 2
12, 22, Directed, 185, 2
13, 22, Directed, 186, 2
16, 22, Directed, 187, 4
19, 22, Directed, 188, 4
20, 22, Directed, 189, 4
25, 22, Directed, 190, 4
26, 22, Directed, 191, 4
1, 23, Directed, 192, 2
3, 23, Directed, 193, 2
9, 23, Directed, 194, 2
14, 23, Directed, 195, 2
18, 23, Directed, 196, 4
4, 24, Directed, 197, 2
8, 24, Directed, 198, 2
9, 24, Directed, 199, 2
11, 24, Directed, 200, 2
13, 24, Directed, 201, 2
16, 24, Directed, 202, 4
18, 24, Directed, 203, 4
20, 24, Directed, 204, 4
21, 24, Directed, 205, 4
25, 24, Directed, 206, 4
26, 24, Directed, 207, 4
1, 25, Directed, 208, 2
2, 25, Directed, 209, 2
3, 25, Directed, 210, 2
5, 25, Directed, 211, 2
12, 25, Directed, 212, 2
16, 25, Directed, 213, 4
22, 25, Directed, 214, 4
26, 25, Directed, 215, 4
3, 26, Directed, 216, 2
5, 26, Directed, 217, 2
6, 26, Directed, 218, 2
8, 26, Directed, 219, 2
9, 26, Directed, 220, 2
18, 26, Directed, 221, 4
19, 26, Directed, 222, 4
24, 26, Directed, 223, 4
