Source, Target, Type, Id, Weight
6, 1, Directed, 1, 1
9, 1, Directed, 2, 1
10, 1, Directed, 3, 1
12, 1, Directed, 4, 1
18, 1, Directed, 5, 3
19, 1, Directed, 6, 3
20, 1, Directed, 7, 3
22, 1, Directed, 8, 3
24, 1, Directed, 9, 3
25, 1, Directed, 10, 3
26, 1, Directed, 11, 3
6, 2, Directed, 12, 1
9, 2, Directed, 13, 1
12, 2, Directed, 14, 1
15, 2, Directed, 15, 3
18, 2, Directed, 16, 3
25, 2, Directed, 17, 3
1, 3, Directed, 18, 1
6, 3, Directed, 19, 1
7, 3, Directed, 20, 1
8, 3, Directed, 21, 1
10, 3, Directed, 22, 1
16, 3, Directed, 23, 3
19, 3, Directed, 24, 3
20, 3, Directed, 25, 3
23, 3, Directed, 26, 3
24, 3, Directed, 27, 3
26, 3, Directed, 28, 3
1, 4, Directed, 29, 1
11, 4, Directed, 30, 1
20, 4, Directed, 31, 3
24, 4, Directed, 32, 3
1, 5, Directed, 33, 1
7, 5, Directed, 34, 1
8, 5, Directed, 35, 1
9, 5, Directed, 36, 1
13, 5, Directed, 37, 1
14, 5, Directed, 38, 1
15, 5, Directed, 39, 3
17, 5, Directed, 40, 3
18, 5, Directed, 41, 3
20, 5, Directed, 42, 3
22, 5, Directed, 43, 3
23, 5, Directed, 44, 3
24, 5, Directed, 45, 3
26, 5, Directed, 46, 3
1, 6, Directed, 47, 1
9, 6, Directed, 48, 1
11, 6, Directed, 49, 1
18, 6, Directed, 50, 3
24, 6, Directed, 51, 3
25, 6, Directed, 52, 3
2, 7, Directed, 53, 1
13, 7, Directed, 54, 1
15, 7, Directed, 55, 3
17, 7, Directed, 56, 3
24, 7, Directed, 57, 3
26, 7, Directed, 58, 3
1, 8, Directed, 59, 1
5, 8, Directed, 60, 1
6, 8, Directed, 61, 1
7, 8, Directed, 62, 1
16, 8, Directed, 63, 3
17, 8, Directed, 64, 3
25, 8, Directed, 65, 3
1, 9, Directed, 66, 1
7, 9, Directed, 67, 1
11, 9, Directed, 68, 1
12, 9, Directed, 69, 1
13, 9, Directed, 70, 1
19, 9, Directed, 71, 3
21, 9, Directed, 72, 3
22, 9, Directed, 73, 3
23, 9, Directed, 74, 3
2, 10, Directed, 75, 1
3, 10, Directed, 76, 1
4, 10, Directed, 77, 1
8, 10, Directed, 78, 1
11, 10, Directed, 79, 1
13, 10, Directed, 80, 1
14, 10, Directed, 81, 1
21, 10, Directed, 82, 3
24, 10, Directed, 83, 3
25, 10, Directed, 84, 3
1, 11, Directed, 85, 1
2, 11, Directed, 86, 1
3, 11, Directed, 87, 1
5, 11, Directed, 88, 1
7, 11, Directed, 89, 1
8, 11, Directed, 90, 1
9, 11, Directed, 91, 1
14, 11, Directed, 92, 1
15, 11, Directed, 93, 3
22, 11, Directed, 94, 3
24, 11, Directed, 95, 3
2, 12, Directed, 96, 1
7, 12, Directed, 97, 1
9, 12, Directed, 98, 1
11, 12, Directed, 99, 1
21, 12, Directed, 100, 3
22, 12, Directed, 101, 3
23, 12, Directed, 102, 3
24, 12, Directed, 103, 3
2, 13, Directed, 104, 1
5, 13, Directed, 105, 1
7, 13, Directed, 106, 1
9, 13, Directed, 107, 1
11, 13, Directed, 108, 1
12, 13, Directed, 109, 1
19, 13, Directed, 110, 3
21, 13, Directed, 111, 3
24, 13, Directed, 112, 3
26, 13, Directed, 113, 3
2, 14, Directed, 114, 1
5, 14, Directed, 115, 1
7, 14, Directed, 116, 1
9, 14, Directed, 117, 1
11, 14, Directed, 118, 1
12, 14, Directed, 119, 1
15, 14, Directed, 120, 3
16, 14, Directed, 121, 3
19, 14, Directed, 122, 3
21, 14, Directed, 123, 3
22, 14, Directed, 124, 3
24, 14, Directed, 125, 3
26, 14, Directed, 126, 3
1, 15, Directed, 127, 2
4, 15, Directed, 128, 2
5, 15, Directed, 129, 2
6, 15, Directed, 130, 2
10, 15, Directed, 131, 2
17, 15, Directed, 132, 4
20, 15, Directed, 133, 4
22, 15, Directed, 134, 4
25, 15, Directed, 135, 4
1, 16, Directed, 136, 2
7, 16, Directed, 137, 2
8, 16, Directed, 138, 2
10, 16, Directed, 139, 2
15, 16, Directed, 140, 4
21, 16, Directed, 141, 4
25, 16, Directed, 142, 4
1, 17, Directed, 143, 2
3, 17, Directed, 144, 2
9, 17, Directed, 145, 2
11, 17, Directed, 146, 2
13, 17, Directed, 147, 2
19, 17, Directed, 148, 4
23, 17, Directed, 149, 4
24, 17, Directed, 150, 4
4, 18, Directed, 151, 2
5, 18, Directed, 152, 2
9, 18, Directed, 153, 2
12, 18, Directed, 154, 2
13, 18, Directed, 155, 2
14, 18, Directed, 156, 2
17, 18, Directed, 157, 4
19, 18, Directed, 158, 4
20, 18, Directed, 159, 4
21, 18, Directed, 160, 4
25, 18, Directed, 161, 4
1, 19, Directed, 162, 2
2, 19, Directed, 163, 2
3, 19, Directed, 164, 2
6, 19, Directed, 165, 2
10, 19, Directed, 166, 2
11, 19, Directed, 167, 2
16, 19, Directed, 168, 4
17, 19, Directed, 169, 4
22, 19, Directed, 170, 4
24, 19, Directed, 171, 4
6, 20, Directed, 172, 2
8, 20, Directed, 173, 2
9, 20, Directed, 174, 2
12, 20, Directed, 175, 2
13, 20, Directed, 176, 2
14, 20, Directed, 177, 2
15, 20, Directed, 178, 4
23, 20, Directed, 179, 4
24, 20, Directed, 180, 4
2, 21, Directed, 181, 2
10, 21, Directed, 182, 2
18, 21, Directed, 183, 4
19, 21, Directed, 184, 4
20, 21, Directed, 185, 4
22, 21, Directed, 186, 4
25, 21, Directed, 187, 4
1, 22, Directed, 188, 2
3, 22, Directed, 189, 2
7, 22, Directed, 190, 2
11, 22, Directed, 191, 2
12, 22, Directed, 192, 2
14, 22, Directed, 193, 2
17, 22, Directed, 194, 4
18, 22, Directed, 195, 4
19, 22, Directed, 196, 4
21, 22, Directed, 197, 4
23, 22, Directed, 198, 4
24, 22, Directed, 199, 4
25, 22, Directed, 200, 4
26, 22, Directed, 201, 4
1, 23, Directed, 202, 2
2, 23, Directed, 203, 2
11, 23, Directed, 204, 2
15, 23, Directed, 205, 4
17, 23, Directed, 206, 4
18, 23, Directed, 207, 4
24, 23, Directed, 208, 4
1, 24, Directed, 209, 2
2, 24, Directed, 210, 2
5, 24, Directed, 211, 2
6, 24, Directed, 212, 2
11, 24, Directed, 213, 2
13, 24, Directed, 214, 2
14, 24, Directed, 215, 2
17, 24, Directed, 216, 4
19, 24, Directed, 217, 4
21, 24, Directed, 218, 4
22, 24, Directed, 219, 4
23, 24, Directed, 220, 4
25, 24, Directed, 221, 4
26, 24, Directed, 222, 4
5, 25, Directed, 223, 2
6, 25, Directed, 224, 2
13, 25, Directed, 225, 2
16, 25, Directed, 226, 4
22, 25, Directed, 227, 4
23, 25, Directed, 228, 4
1, 26, Directed, 229, 2
2, 26, Directed, 230, 2
3, 26, Directed, 231, 2
7, 26, Directed, 232, 2
9, 26, Directed, 233, 2
11, 26, Directed, 234, 2
12, 26, Directed, 235, 2
15, 26, Directed, 236, 4
16, 26, Directed, 237, 4
19, 26, Directed, 238, 4
21, 26, Directed, 239, 4
23, 26, Directed, 240, 4
25, 26, Directed, 241, 4
