Source, Target, Type, Id, Weight
4, 1, Directed, 1, 1
5, 1, Directed, 2, 1
6, 1, Directed, 3, 1
8, 1, Directed, 4, 1
9, 1, Directed, 5, 1
10, 1, Directed, 6, 1
12, 1, Directed, 7, 1
19, 1, Directed, 8, 3
20, 1, Directed, 9, 3
21, 1, Directed, 10, 3
22, 1, Directed, 11, 3
24, 1, Directed, 12, 3
8, 2, Directed, 13, 1
12, 2, Directed, 14, 1
18, 2, Directed, 15, 3
19, 2, Directed, 16, 3
20, 2, Directed, 17, 3
26, 2, Directed, 18, 3
1, 3, Directed, 19, 1
5, 3, Directed, 20, 1
7, 3, Directed, 21, 1
13, 3, Directed, 22, 1
14, 3, Directed, 23, 1
16, 3, Directed, 24, 3
21, 3, Directed, 25, 3
23, 3, Directed, 26, 3
24, 3, Directed, 27, 3
2, 4, Directed, 28, 1
3, 4, Directed, 29, 1
7, 4, Directed, 30, 1
12, 4, Directed, 31, 1
14, 4, Directed, 32, 1
18, 4, Directed, 33, 3
24, 4, Directed, 34, 3
25, 4, Directed, 35, 3
26, 4, Directed, 36, 3
1, 5, Directed, 37, 1
9, 5, Directed, 38, 1
10, 5, Directed, 39, 1
13, 5, Directed, 40, 1
21, 5, Directed, 41, 3
23, 5, Directed, 42, 3
5, 6, Directed, 43, 1
11, 6, Directed, 44, 1
13, 6, Directed, 45, 1
20, 6, Directed, 46, 3
24, 6, Directed, 47, 3
2, 7, Directed, 48, 1
3, 7, Directed, 49, 1
6, 7, Directed, 50, 1
15, 7, Directed, 51, 3
19, 7, Directed, 52, 3
20, 7, Directed, 53, 3
21, 7, Directed, 54, 3
24, 7, Directed, 55, 3
25, 7, Directed, 56, 3
1, 8, Directed, 57, 1
5, 8, Directed, 58, 1
6, 8, Directed, 59, 1
9, 8, Directed, 60, 1
11, 8, Directed, 61, 1
13, 8, Directed, 62, 1
15, 8, Directed, 63, 3
23, 8, Directed, 64, 3
24, 8, Directed, 65, 3
25, 8, Directed, 66, 3
3, 9, Directed, 67, 1
5, 9, Directed, 68, 1
10, 9, Directed, 69, 1
12, 9, Directed, 70, 1
18, 9, Directed, 71, 3
19, 9, Directed, 72, 3
21, 9, Directed, 73, 3
24, 9, Directed, 74, 3
26, 9, Directed, 75, 3
5, 10, Directed, 76, 1
11, 10, Directed, 77, 1
16, 10, Directed, 78, 3
19, 10, Directed, 79, 3
21, 10, Directed, 80, 3
24, 10, Directed, 81, 3
5, 11, Directed, 82, 1
7, 11, Directed, 83, 1
12, 11, Directed, 84, 1
13, 11, Directed, 85, 1
16, 11, Directed, 86, 3
18, 11, Directed, 87, 3
19, 11, Directed, 88, 3
20, 11, Directed, 89, 3
21, 11, Directed, 90, 3
23, 11, Directed, 91, 3
25, 11, Directed, 92, 3
3, 12, Directed, 93, 1
8, 12, Directed, 94, 1
15, 12, Directed, 95, 3
18, 12, Directed, 96, 3
19, 12, Directed, 97, 3
20, 12, Directed, 98, 3
1, 13, Directed, 99, 1
5, 13, Directed, 100, 1
6, 13, Directed, 101, 1
7, 13, Directed, 102, 1
8, 13, Directed, 103, 1
9, 13, Directed, 104, 1
10, 13, Directed, 105, 1
12, 13, Directed, 106, 1
15, 13, Directed, 107, 3
21, 13, Directed, 108, 3
22, 13, Directed, 109, 3
25, 13, Directed, 110, 3
2, 14, Directed, 111, 1
3, 14, Directed, 112, 1
5, 14, Directed, 113, 1
7, 14, Directed, 114, 1
8, 14, Directed, 115, 1
12, 14, Directed, 116, 1
13, 14, Directed, 117, 1
15, 14, Directed, 118, 3
16, 14, Directed, 119, 3
19, 14, Directed, 120, 3
2, 15, Directed, 121, 2
7, 15, Directed, 122, 2
9, 15, Directed, 123, 2
18, 15, Directed, 124, 4
19, 15, Directed, 125, 4
20, 15, Directed, 126, 4
21, 15, Directed, 127, 4
23, 15, Directed, 128, 4
26, 15, Directed, 129, 4
3, 16, Directed, 130, 2
4, 16, Directed, 131, 2
6, 16, Directed, 132, 2
7, 16, Directed, 133, 2
9, 16, Directed, 134, 2
18, 16, Directed, 135, 4
19, 16, Directed, 136, 4
25, 16, Directed, 137, 4
1, 18, Directed, 138, 2
4, 18, Directed, 139, 2
7, 18, Directed, 140, 2
9, 18, Directed, 141, 2
10, 18, Directed, 142, 2
12, 18, Directed, 143, 2
13, 18, Directed, 144, 2
15, 18, Directed, 145, 4
19, 18, Directed, 146, 4
20, 18, Directed, 147, 4
22, 18, Directed, 148, 4
25, 18, Directed, 149, 4
1, 19, Directed, 150, 2
5, 19, Directed, 151, 2
6, 19, Directed, 152, 2
8, 19, Directed, 153, 2
10, 19, Directed, 154, 2
15, 19, Directed, 155, 4
16, 19, Directed, 156, 4
1, 20, Directed, 157, 2
4, 20, Directed, 158, 2
5, 20, Directed, 159, 2
11, 20, Directed, 160, 2
12, 20, Directed, 161, 2
19, 20, Directed, 162, 4
1, 21, Directed, 163, 2
3, 21, Directed, 164, 2
4, 21, Directed, 165, 2
6, 21, Directed, 166, 2
10, 21, Directed, 167, 2
13, 21, Directed, 168, 2
15, 21, Directed, 169, 4
18, 21, Directed, 170, 4
19, 21, Directed, 171, 4
20, 21, Directed, 172, 4
24, 21, Directed, 173, 4
5, 22, Directed, 174, 2
6, 22, Directed, 175, 2
10, 22, Directed, 176, 2
16, 22, Directed, 177, 4
25, 22, Directed, 178, 4
1, 23, Directed, 179, 2
3, 23, Directed, 180, 2
4, 23, Directed, 181, 2
8, 23, Directed, 182, 2
9, 23, Directed, 183, 2
13, 23, Directed, 184, 2
14, 23, Directed, 185, 2
16, 23, Directed, 186, 4
4, 24, Directed, 187, 2
6, 24, Directed, 188, 2
8, 24, Directed, 189, 2
9, 24, Directed, 190, 2
11, 24, Directed, 191, 2
13, 24, Directed, 192, 2
18, 24, Directed, 193, 4
20, 24, Directed, 194, 4
21, 24, Directed, 195, 4
26, 24, Directed, 196, 4
1, 25, Directed, 197, 2
2, 25, Directed, 198, 2
3, 25, Directed, 199, 2
12, 25, Directed, 200, 2
19, 25, Directed, 201, 4
20, 25, Directed, 202, 4
26, 25, Directed, 203, 4
4, 26, Directed, 204, 2
5, 26, Directed, 205, 2
6, 26, Directed, 206, 2
9, 26, Directed, 207, 2
12, 26, Directed, 208, 2
16, 26, Directed, 209, 4
18, 26, Directed, 210, 4
20, 26, Directed, 211, 4
24, 26, Directed, 212, 4
