Source, Target, Type, Id, Weight
2, 1, Directed, 1, 1
7, 1, Directed, 2, 1
9, 1, Directed, 3, 1
10, 1, Directed, 4, 1
12, 1, Directed, 5, 1
13, 1, Directed, 6, 1
14, 1, Directed, 7, 1
15, 1, Directed, 8, 3
16, 1, Directed, 9, 3
18, 1, Directed, 10, 3
19, 1, Directed, 11, 3
20, 1, Directed, 12, 3
24, 1, Directed, 13, 3
4, 2, Directed, 14, 1
6, 2, Directed, 15, 1
9, 2, Directed, 16, 1
10, 2, Directed, 17, 1
13, 2, Directed, 18, 1
14, 2, Directed, 19, 1
15, 2, Directed, 20, 3
16, 2, Directed, 21, 3
24, 2, Directed, 22, 3
2, 3, Directed, 23, 1
4, 3, Directed, 24, 1
7, 3, Directed, 25, 1
11, 3, Directed, 26, 1
12, 3, Directed, 27, 1
13, 3, Directed, 28, 1
14, 3, Directed, 29, 1
16, 3, Directed, 30, 3
24, 3, Directed, 31, 3
25, 3, Directed, 32, 3
26, 3, Directed, 33, 3
1, 4, Directed, 34, 1
2, 4, Directed, 35, 1
3, 4, Directed, 36, 1
5, 4, Directed, 37, 1
7, 4, Directed, 38, 1
9, 4, Directed, 39, 1
10, 4, Directed, 40, 1
11, 4, Directed, 41, 1
12, 4, Directed, 42, 1
13, 4, Directed, 43, 1
15, 4, Directed, 44, 3
16, 4, Directed, 45, 3
19, 4, Directed, 46, 3
24, 4, Directed, 47, 3
26, 4, Directed, 48, 3
4, 5, Directed, 49, 1
7, 5, Directed, 50, 1
9, 5, Directed, 51, 1
12, 5, Directed, 52, 1
16, 5, Directed, 53, 3
18, 5, Directed, 54, 3
20, 5, Directed, 55, 3
22, 5, Directed, 56, 3
1, 6, Directed, 57, 1
3, 6, Directed, 58, 1
4, 6, Directed, 59, 1
9, 6, Directed, 60, 1
10, 6, Directed, 61, 1
13, 6, Directed, 62, 1
14, 6, Directed, 63, 1
15, 6, Directed, 64, 3
18, 6, Directed, 65, 3
20, 6, Directed, 66, 3
23, 6, Directed, 67, 3
26, 6, Directed, 68, 3
1, 7, Directed, 69, 1
8, 7, Directed, 70, 1
9, 7, Directed, 71, 1
11, 7, Directed, 72, 1
12, 7, Directed, 73, 1
13, 7, Directed, 74, 1
15, 7, Directed, 75, 3
19, 7, Directed, 76, 3
20, 7, Directed, 77, 3
22, 7, Directed, 78, 3
25, 7, Directed, 79, 3
26, 7, Directed, 80, 3
5, 8, Directed, 81, 1
6, 8, Directed, 82, 1
9, 8, Directed, 83, 1
13, 8, Directed, 84, 1
15, 8, Directed, 85, 3
16, 8, Directed, 86, 3
19, 8, Directed, 87, 3
20, 8, Directed, 88, 3
22, 8, Directed, 89, 3
26, 8, Directed, 90, 3
1, 9, Directed, 91, 1
6, 9, Directed, 92, 1
10, 9, Directed, 93, 1
11, 9, Directed, 94, 1
12, 9, Directed, 95, 1
15, 9, Directed, 96, 3
18, 9, Directed, 97, 3
19, 9, Directed, 98, 3
21, 9, Directed, 99, 3
24, 9, Directed, 100, 3
26, 9, Directed, 101, 3
2, 10, Directed, 102, 1
9, 10, Directed, 103, 1
11, 10, Directed, 104, 1
16, 10, Directed, 105, 3
18, 10, Directed, 106, 3
20, 10, Directed, 107, 3
24, 10, Directed, 108, 3
26, 10, Directed, 109, 3
1, 11, Directed, 110, 1
5, 11, Directed, 111, 1
7, 11, Directed, 112, 1
8, 11, Directed, 113, 1
9, 11, Directed, 114, 1
15, 11, Directed, 115, 3
19, 11, Directed, 116, 3
20, 11, Directed, 117, 3
21, 11, Directed, 118, 3
22, 11, Directed, 119, 3
23, 11, Directed, 120, 3
26, 11, Directed, 121, 3
2, 12, Directed, 122, 1
8, 12, Directed, 123, 1
10, 12, Directed, 124, 1
13, 12, Directed, 125, 1
19, 12, Directed, 126, 3
20, 12, Directed, 127, 3
24, 12, Directed, 128, 3
2, 13, Directed, 129, 1
3, 13, Directed, 130, 1
7, 13, Directed, 131, 1
9, 13, Directed, 132, 1
10, 13, Directed, 133, 1
11, 13, Directed, 134, 1
12, 13, Directed, 135, 1
14, 13, Directed, 136, 1
15, 13, Directed, 137, 3
16, 13, Directed, 138, 3
20, 13, Directed, 139, 3
22, 13, Directed, 140, 3
23, 13, Directed, 141, 3
26, 13, Directed, 142, 3
1, 14, Directed, 143, 1
2, 14, Directed, 144, 1
3, 14, Directed, 145, 1
6, 14, Directed, 146, 1
7, 14, Directed, 147, 1
11, 14, Directed, 148, 1
12, 14, Directed, 149, 1
13, 14, Directed, 150, 1
15, 14, Directed, 151, 3
16, 14, Directed, 152, 3
18, 14, Directed, 153, 3
25, 14, Directed, 154, 3
4, 15, Directed, 155, 2
5, 15, Directed, 156, 2
9, 15, Directed, 157, 2
10, 15, Directed, 158, 2
11, 15, Directed, 159, 2
12, 15, Directed, 160, 2
16, 15, Directed, 161, 4
18, 15, Directed, 162, 4
19, 15, Directed, 163, 4
23, 15, Directed, 164, 4
25, 15, Directed, 165, 4
26, 15, Directed, 166, 4
2, 16, Directed, 167, 2
3, 16, Directed, 168, 2
8, 16, Directed, 169, 2
9, 16, Directed, 170, 2
15, 16, Directed, 171, 4
20, 16, Directed, 172, 4
25, 16, Directed, 173, 4
26, 16, Directed, 174, 4
5, 18, Directed, 175, 2
6, 18, Directed, 176, 2
9, 18, Directed, 177, 2
14, 18, Directed, 178, 2
20, 18, Directed, 179, 4
24, 18, Directed, 180, 4
1, 19, Directed, 181, 2
2, 19, Directed, 182, 2
3, 19, Directed, 183, 2
9, 19, Directed, 184, 2
12, 19, Directed, 185, 2
21, 19, Directed, 186, 4
23, 19, Directed, 187, 4
24, 19, Directed, 188, 4
25, 19, Directed, 189, 4
26, 19, Directed, 190, 4
1, 20, Directed, 191, 2
3, 20, Directed, 192, 2
5, 20, Directed, 193, 2
6, 20, Directed, 194, 2
7, 20, Directed, 195, 2
9, 20, Directed, 196, 2
10, 20, Directed, 197, 2
11, 20, Directed, 198, 2
12, 20, Directed, 199, 2
13, 20, Directed, 200, 2
14, 20, Directed, 201, 2
16, 20, Directed, 202, 4
22, 20, Directed, 203, 4
1, 21, Directed, 204, 2
5, 21, Directed, 205, 2
9, 21, Directed, 206, 2
10, 21, Directed, 207, 2
11, 21, Directed, 208, 2
12, 21, Directed, 209, 2
13, 21, Directed, 210, 2
20, 21, Directed, 211, 4
22, 21, Directed, 212, 4
23, 21, Directed, 213, 4
24, 21, Directed, 214, 4
3, 22, Directed, 215, 2
6, 22, Directed, 216, 2
7, 22, Directed, 217, 2
10, 22, Directed, 218, 2
11, 22, Directed, 219, 2
12, 22, Directed, 220, 2
14, 22, Directed, 221, 2
19, 22, Directed, 222, 4
20, 22, Directed, 223, 4
23, 22, Directed, 224, 4
26, 22, Directed, 225, 4
1, 23, Directed, 226, 2
3, 23, Directed, 227, 2
5, 23, Directed, 228, 2
7, 23, Directed, 229, 2
11, 23, Directed, 230, 2
20, 23, Directed, 231, 4
24, 23, Directed, 232, 4
1, 24, Directed, 233, 2
2, 24, Directed, 234, 2
3, 24, Directed, 235, 2
4, 24, Directed, 236, 2
5, 24, Directed, 237, 2
12, 24, Directed, 238, 2
16, 24, Directed, 239, 4
18, 24, Directed, 240, 4
19, 24, Directed, 241, 4
21, 24, Directed, 242, 4
3, 25, Directed, 243, 2
5, 25, Directed, 244, 2
6, 25, Directed, 245, 2
8, 25, Directed, 246, 2
12, 25, Directed, 247, 2
16, 25, Directed, 248, 4
18, 25, Directed, 249, 4
19, 25, Directed, 250, 4
26, 25, Directed, 251, 4
2, 26, Directed, 252, 2
4, 26, Directed, 253, 2
6, 26, Directed, 254, 2
7, 26, Directed, 255, 2
10, 26, Directed, 256, 2
11, 26, Directed, 257, 2
21, 26, Directed, 258, 4
22, 26, Directed, 259, 4
23, 26, Directed, 260, 4
24, 26, Directed, 261, 4
25, 26, Directed, 262, 4
