Source, Target, Type, Id, Weight
2, 1, Directed, 1, 1
4, 1, Directed, 2, 1
6, 1, Directed, 3, 1
10, 1, Directed, 4, 1
11, 1, Directed, 5, 1
12, 1, Directed, 6, 1
13, 1, Directed, 7, 1
15, 1, Directed, 8, 3
19, 1, Directed, 9, 3
20, 1, Directed, 10, 3
23, 1, Directed, 11, 3
24, 1, Directed, 12, 3
25, 1, Directed, 13, 3
26, 1, Directed, 14, 3
5, 2, Directed, 15, 1
6, 2, Directed, 16, 1
7, 2, Directed, 17, 1
12, 2, Directed, 18, 1
13, 2, Directed, 19, 1
14, 2, Directed, 20, 1
15, 2, Directed, 21, 3
16, 2, Directed, 22, 3
22, 2, Directed, 23, 3
23, 2, Directed, 24, 3
26, 2, Directed, 25, 3
1, 3, Directed, 26, 1
2, 3, Directed, 27, 1
6, 3, Directed, 28, 1
11, 3, Directed, 29, 1
12, 3, Directed, 30, 1
17, 3, Directed, 31, 3
18, 3, Directed, 32, 3
19, 3, Directed, 33, 3
20, 3, Directed, 34, 3
21, 3, Directed, 35, 3
23, 3, Directed, 36, 3
24, 3, Directed, 37, 3
25, 3, Directed, 38, 3
2, 4, Directed, 39, 1
3, 4, Directed, 40, 1
6, 4, Directed, 41, 1
7, 4, Directed, 42, 1
8, 4, Directed, 43, 1
9, 4, Directed, 44, 1
10, 4, Directed, 45, 1
11, 4, Directed, 46, 1
12, 4, Directed, 47, 1
13, 4, Directed, 48, 1
14, 4, Directed, 49, 1
15, 4, Directed, 50, 3
19, 4, Directed, 51, 3
22, 4, Directed, 52, 3
25, 4, Directed, 53, 3
1, 5, Directed, 54, 1
3, 5, Directed, 55, 1
4, 5, Directed, 56, 1
7, 5, Directed, 57, 1
8, 5, Directed, 58, 1
9, 5, Directed, 59, 1
14, 5, Directed, 60, 1
16, 5, Directed, 61, 3
17, 5, Directed, 62, 3
18, 5, Directed, 63, 3
19, 5, Directed, 64, 3
21, 5, Directed, 65, 3
23, 5, Directed, 66, 3
25, 5, Directed, 67, 3
8, 6, Directed, 68, 1
10, 6, Directed, 69, 1
12, 6, Directed, 70, 1
13, 6, Directed, 71, 1
14, 6, Directed, 72, 1
15, 6, Directed, 73, 3
16, 6, Directed, 74, 3
18, 6, Directed, 75, 3
22, 6, Directed, 76, 3
25, 6, Directed, 77, 3
26, 6, Directed, 78, 3
3, 7, Directed, 79, 1
13, 7, Directed, 80, 1
15, 7, Directed, 81, 3
17, 7, Directed, 82, 3
18, 7, Directed, 83, 3
19, 7, Directed, 84, 3
20, 7, Directed, 85, 3
24, 7, Directed, 86, 3
25, 7, Directed, 87, 3
26, 7, Directed, 88, 3
1, 8, Directed, 89, 1
4, 8, Directed, 90, 1
5, 8, Directed, 91, 1
6, 8, Directed, 92, 1
11, 8, Directed, 93, 1
13, 8, Directed, 94, 1
14, 8, Directed, 95, 1
15, 8, Directed, 96, 3
21, 8, Directed, 97, 3
22, 8, Directed, 98, 3
23, 8, Directed, 99, 3
24, 8, Directed, 100, 3
6, 9, Directed, 101, 1
8, 9, Directed, 102, 1
12, 9, Directed, 103, 1
13, 9, Directed, 104, 1
14, 9, Directed, 105, 1
16, 9, Directed, 106, 3
17, 9, Directed, 107, 3
20, 9, Directed, 108, 3
21, 9, Directed, 109, 3
22, 9, Directed, 110, 3
23, 9, Directed, 111, 3
24, 9, Directed, 112, 3
2, 10, Directed, 113, 1
3, 10, Directed, 114, 1
6, 10, Directed, 115, 1
11, 10, Directed, 116, 1
12, 10, Directed, 117, 1
13, 10, Directed, 118, 1
14, 10, Directed, 119, 1
18, 10, Directed, 120, 3
22, 10, Directed, 121, 3
25, 10, Directed, 122, 3
1, 11, Directed, 123, 1
2, 11, Directed, 124, 1
3, 11, Directed, 125, 1
6, 11, Directed, 126, 1
7, 11, Directed, 127, 1
8, 11, Directed, 128, 1
12, 11, Directed, 129, 1
14, 11, Directed, 130, 1
17, 11, Directed, 131, 3
19, 11, Directed, 132, 3
23, 11, Directed, 133, 3
24, 11, Directed, 134, 3
26, 11, Directed, 135, 3
1, 12, Directed, 136, 1
2, 12, Directed, 137, 1
6, 12, Directed, 138, 1
7, 12, Directed, 139, 1
9, 12, Directed, 140, 1
10, 12, Directed, 141, 1
18, 12, Directed, 142, 3
19, 12, Directed, 143, 3
21, 12, Directed, 144, 3
24, 12, Directed, 145, 3
25, 12, Directed, 146, 3
26, 12, Directed, 147, 3
7, 13, Directed, 148, 1
12, 13, Directed, 149, 1
14, 13, Directed, 150, 1
15, 13, Directed, 151, 3
16, 13, Directed, 152, 3
18, 13, Directed, 153, 3
19, 13, Directed, 154, 3
21, 13, Directed, 155, 3
24, 13, Directed, 156, 3
26, 13, Directed, 157, 3
6, 14, Directed, 158, 1
11, 14, Directed, 159, 1
16, 14, Directed, 160, 3
17, 14, Directed, 161, 3
19, 14, Directed, 162, 3
21, 14, Directed, 163, 3
22, 14, Directed, 164, 3
24, 14, Directed, 165, 3
26, 14, Directed, 166, 3
4, 15, Directed, 167, 2
5, 15, Directed, 168, 2
6, 15, Directed, 169, 2
7, 15, Directed, 170, 2
8, 15, Directed, 171, 2
10, 15, Directed, 172, 2
11, 15, Directed, 173, 2
20, 15, Directed, 174, 4
25, 15, Directed, 175, 4
2, 16, Directed, 176, 2
8, 16, Directed, 177, 2
11, 16, Directed, 178, 2
14, 16, Directed, 179, 2
17, 16, Directed, 180, 4
1, 17, Directed, 181, 2
2, 17, Directed, 182, 2
3, 17, Directed, 183, 2
7, 17, Directed, 184, 2
8, 17, Directed, 185, 2
9, 17, Directed, 186, 2
10, 17, Directed, 187, 2
11, 17, Directed, 188, 2
13, 17, Directed, 189, 2
14, 17, Directed, 190, 2
16, 17, Directed, 191, 4
21, 17, Directed, 192, 4
22, 17, Directed, 193, 4
24, 17, Directed, 194, 4
1, 18, Directed, 195, 2
7, 18, Directed, 196, 2
8, 18, Directed, 197, 2
9, 18, Directed, 198, 2
13, 18, Directed, 199, 2
17, 18, Directed, 200, 4
19, 18, Directed, 201, 4
20, 18, Directed, 202, 4
21, 18, Directed, 203, 4
22, 18, Directed, 204, 4
25, 18, Directed, 205, 4
7, 19, Directed, 206, 2
8, 19, Directed, 207, 2
10, 19, Directed, 208, 2
21, 19, Directed, 209, 4
22, 19, Directed, 210, 4
24, 19, Directed, 211, 4
25, 19, Directed, 212, 4
26, 19, Directed, 213, 4
2, 20, Directed, 214, 2
7, 20, Directed, 215, 2
9, 20, Directed, 216, 2
10, 20, Directed, 217, 2
11, 20, Directed, 218, 2
12, 20, Directed, 219, 2
14, 20, Directed, 220, 2
15, 20, Directed, 221, 4
21, 20, Directed, 222, 4
23, 20, Directed, 223, 4
2, 21, Directed, 224, 2
3, 21, Directed, 225, 2
6, 21, Directed, 226, 2
9, 21, Directed, 227, 2
12, 21, Directed, 228, 2
13, 21, Directed, 229, 2
14, 21, Directed, 230, 2
15, 21, Directed, 231, 4
19, 21, Directed, 232, 4
20, 21, Directed, 233, 4
25, 21, Directed, 234, 4
3, 22, Directed, 235, 2
4, 22, Directed, 236, 2
6, 22, Directed, 237, 2
8, 22, Directed, 238, 2
13, 22, Directed, 239, 2
14, 22, Directed, 240, 2
16, 22, Directed, 241, 4
19, 22, Directed, 242, 4
21, 22, Directed, 243, 4
23, 22, Directed, 244, 4
24, 22, Directed, 245, 4
25, 22, Directed, 246, 4
26, 22, Directed, 247, 4
1, 23, Directed, 248, 2
2, 23, Directed, 249, 2
3, 23, Directed, 250, 2
6, 23, Directed, 251, 2
8, 23, Directed, 252, 2
9, 23, Directed, 253, 2
10, 23, Directed, 254, 2
11, 23, Directed, 255, 2
12, 23, Directed, 256, 2
13, 23, Directed, 257, 2
15, 23, Directed, 258, 4
16, 23, Directed, 259, 4
17, 23, Directed, 260, 4
18, 23, Directed, 261, 4
20, 23, Directed, 262, 4
24, 23, Directed, 263, 4
5, 24, Directed, 264, 2
7, 24, Directed, 265, 2
9, 24, Directed, 266, 2
13, 24, Directed, 267, 2
14, 24, Directed, 268, 2
16, 24, Directed, 269, 4
17, 24, Directed, 270, 4
18, 24, Directed, 271, 4
19, 24, Directed, 272, 4
21, 24, Directed, 273, 4
22, 24, Directed, 274, 4
23, 24, Directed, 275, 4
26, 24, Directed, 276, 4
4, 25, Directed, 277, 2
5, 25, Directed, 278, 2
7, 25, Directed, 279, 2
13, 25, Directed, 280, 2
14, 25, Directed, 281, 2
16, 25, Directed, 282, 4
18, 25, Directed, 283, 4
19, 25, Directed, 284, 4
22, 25, Directed, 285, 4
4, 26, Directed, 286, 2
8, 26, Directed, 287, 2
10, 26, Directed, 288, 2
14, 26, Directed, 289, 2
17, 26, Directed, 290, 4
21, 26, Directed, 291, 4
22, 26, Directed, 292, 4
23, 26, Directed, 293, 4
25, 26, Directed, 294, 4
