Source, Target, Type, Id, Weight
4, 1, Directed, 1, 1
5, 1, Directed, 2, 1
6, 1, Directed, 3, 1
7, 1, Directed, 4, 1
9, 1, Directed, 5, 1
10, 1, Directed, 6, 1
11, 1, Directed, 7, 1
12, 1, Directed, 8, 1
13, 1, Directed, 9, 1
19, 1, Directed, 10, 3
20, 1, Directed, 11, 3
22, 1, Directed, 12, 3
12, 2, Directed, 13, 1
16, 2, Directed, 14, 3
18, 2, Directed, 15, 3
20, 2, Directed, 16, 3
26, 2, Directed, 17, 3
1, 3, Directed, 18, 1
4, 3, Directed, 19, 1
5, 3, Directed, 20, 1
7, 3, Directed, 21, 1
11, 3, Directed, 22, 1
12, 3, Directed, 23, 1
15, 3, Directed, 24, 3
18, 3, Directed, 25, 3
20, 3, Directed, 26, 3
21, 3, Directed, 27, 3
23, 3, Directed, 28, 3
24, 3, Directed, 29, 3
25, 3, Directed, 30, 3
3, 4, Directed, 31, 1
5, 4, Directed, 32, 1
7, 4, Directed, 33, 1
18, 4, Directed, 34, 3
22, 4, Directed, 35, 3
23, 4, Directed, 36, 3
25, 4, Directed, 37, 3
6, 5, Directed, 38, 1
7, 5, Directed, 39, 1
10, 5, Directed, 40, 1
13, 5, Directed, 41, 1
19, 5, Directed, 42, 3
23, 5, Directed, 43, 3
25, 5, Directed, 44, 3
11, 6, Directed, 45, 1
12, 6, Directed, 46, 1
13, 6, Directed, 47, 1
18, 6, Directed, 48, 3
20, 6, Directed, 49, 3
3, 7, Directed, 50, 1
11, 7, Directed, 51, 1
18, 7, Directed, 52, 3
19, 7, Directed, 53, 3
20, 7, Directed, 54, 3
21, 7, Directed, 55, 3
24, 7, Directed, 56, 3
25, 7, Directed, 57, 3
5, 8, Directed, 58, 1
9, 8, Directed, 59, 1
13, 8, Directed, 60, 1
15, 8, Directed, 61, 3
18, 8, Directed, 62, 3
19, 8, Directed, 63, 3
22, 8, Directed, 64, 3
23, 8, Directed, 65, 3
25, 8, Directed, 66, 3
1, 9, Directed, 67, 1
5, 9, Directed, 68, 1
7, 9, Directed, 69, 1
8, 9, Directed, 70, 1
15, 9, Directed, 71, 3
19, 9, Directed, 72, 3
21, 9, Directed, 73, 3
24, 9, Directed, 74, 3
11, 10, Directed, 75, 1
13, 10, Directed, 76, 1
14, 10, Directed, 77, 1
19, 10, Directed, 78, 3
21, 10, Directed, 79, 3
5, 11, Directed, 80, 1
8, 11, Directed, 81, 1
16, 11, Directed, 82, 3
18, 11, Directed, 83, 3
20, 11, Directed, 84, 3
21, 11, Directed, 85, 3
23, 11, Directed, 86, 3
24, 11, Directed, 87, 3
25, 11, Directed, 88, 3
1, 12, Directed, 89, 1
2, 12, Directed, 90, 1
3, 12, Directed, 91, 1
4, 12, Directed, 92, 1
7, 12, Directed, 93, 1
11, 12, Directed, 94, 1
14, 12, Directed, 95, 1
16, 12, Directed, 96, 3
19, 12, Directed, 97, 3
22, 12, Directed, 98, 3
1, 13, Directed, 99, 1
5, 13, Directed, 100, 1
6, 13, Directed, 101, 1
7, 13, Directed, 102, 1
8, 13, Directed, 103, 1
9, 13, Directed, 104, 1
10, 13, Directed, 105, 1
11, 13, Directed, 106, 1
12, 13, Directed, 107, 1
18, 13, Directed, 108, 3
21, 13, Directed, 109, 3
22, 13, Directed, 110, 3
25, 13, Directed, 111, 3
1, 14, Directed, 112, 1
3, 14, Directed, 113, 1
5, 14, Directed, 114, 1
7, 14, Directed, 115, 1
9, 14, Directed, 116, 1
12, 14, Directed, 117, 1
15, 14, Directed, 118, 3
16, 14, Directed, 119, 3
18, 14, Directed, 120, 3
19, 14, Directed, 121, 3
22, 14, Directed, 122, 3
24, 14, Directed, 123, 3
1, 15, Directed, 124, 2
3, 15, Directed, 125, 2
7, 15, Directed, 126, 2
9, 15, Directed, 127, 2
10, 15, Directed, 128, 2
18, 15, Directed, 129, 4
19, 15, Directed, 130, 4
21, 15, Directed, 131, 4
4, 16, Directed, 132, 2
7, 16, Directed, 133, 2
8, 16, Directed, 134, 2
11, 16, Directed, 135, 2
13, 16, Directed, 136, 2
18, 16, Directed, 137, 4
20, 16, Directed, 138, 4
1, 18, Directed, 139, 2
4, 18, Directed, 140, 2
7, 18, Directed, 141, 2
9, 18, Directed, 142, 2
10, 18, Directed, 143, 2
12, 18, Directed, 144, 2
15, 18, Directed, 145, 4
19, 18, Directed, 146, 4
20, 18, Directed, 147, 4
1, 19, Directed, 148, 2
4, 19, Directed, 149, 2
5, 19, Directed, 150, 2
6, 19, Directed, 151, 2
7, 19, Directed, 152, 2
11, 19, Directed, 153, 2
12, 19, Directed, 154, 2
15, 19, Directed, 155, 4
16, 19, Directed, 156, 4
20, 19, Directed, 157, 4
21, 19, Directed, 158, 4
22, 19, Directed, 159, 4
23, 19, Directed, 160, 4
1, 20, Directed, 161, 2
3, 20, Directed, 162, 2
5, 20, Directed, 163, 2
7, 20, Directed, 164, 2
9, 20, Directed, 165, 2
11, 20, Directed, 166, 2
12, 20, Directed, 167, 2
14, 20, Directed, 168, 2
19, 20, Directed, 169, 4
22, 20, Directed, 170, 4
23, 20, Directed, 171, 4
24, 20, Directed, 172, 4
1, 21, Directed, 173, 2
3, 21, Directed, 174, 2
6, 21, Directed, 175, 2
10, 21, Directed, 176, 2
12, 21, Directed, 177, 2
14, 21, Directed, 178, 2
18, 21, Directed, 179, 4
19, 21, Directed, 180, 4
20, 21, Directed, 181, 4
22, 21, Directed, 182, 4
24, 21, Directed, 183, 4
6, 22, Directed, 184, 2
7, 22, Directed, 185, 2
10, 22, Directed, 186, 2
11, 22, Directed, 187, 2
12, 22, Directed, 188, 2
18, 22, Directed, 189, 4
19, 22, Directed, 190, 4
20, 22, Directed, 191, 4
25, 22, Directed, 192, 4
26, 22, Directed, 193, 4
1, 23, Directed, 194, 2
3, 23, Directed, 195, 2
9, 23, Directed, 196, 2
10, 23, Directed, 197, 2
14, 23, Directed, 198, 2
18, 23, Directed, 199, 4
24, 23, Directed, 200, 4
25, 23, Directed, 201, 4
1, 24, Directed, 202, 2
3, 24, Directed, 203, 2
8, 24, Directed, 204, 2
11, 24, Directed, 205, 2
12, 24, Directed, 206, 2
16, 24, Directed, 207, 4
18, 24, Directed, 208, 4
19, 24, Directed, 209, 4
21, 24, Directed, 210, 4
23, 24, Directed, 211, 4
25, 24, Directed, 212, 4
1, 25, Directed, 213, 2
2, 25, Directed, 214, 2
12, 25, Directed, 215, 2
26, 25, Directed, 216, 4
2, 26, Directed, 217, 2
5, 26, Directed, 218, 2
6, 26, Directed, 219, 2
9, 26, Directed, 220, 2
11, 26, Directed, 221, 2
18, 26, Directed, 222, 4
19, 26, Directed, 223, 4
22, 26, Directed, 224, 4
24, 26, Directed, 225, 4
25, 26, Directed, 226, 4
