Source, Target, Type, Id, Weight
6, 1, Directed, 1, 1
16, 1, Directed, 2, 3
17, 1, Directed, 3, 3
18, 1, Directed, 4, 3
23, 1, Directed, 5, 3
5, 2, Directed, 6, 1
6, 2, Directed, 7, 1
10, 2, Directed, 8, 1
12, 2, Directed, 9, 1
13, 2, Directed, 10, 1
15, 2, Directed, 11, 3
16, 2, Directed, 12, 3
17, 2, Directed, 13, 3
19, 2, Directed, 14, 3
23, 2, Directed, 15, 3
24, 2, Directed, 16, 3
25, 2, Directed, 17, 3
1, 3, Directed, 18, 1
6, 3, Directed, 19, 1
7, 3, Directed, 20, 1
10, 3, Directed, 21, 1
12, 3, Directed, 22, 1
14, 3, Directed, 23, 1
16, 3, Directed, 24, 3
24, 3, Directed, 25, 3
25, 3, Directed, 26, 3
26, 3, Directed, 27, 3
1, 4, Directed, 28, 1
2, 4, Directed, 29, 1
8, 4, Directed, 30, 1
12, 4, Directed, 31, 1
14, 4, Directed, 32, 1
21, 4, Directed, 33, 3
24, 4, Directed, 34, 3
1, 5, Directed, 35, 1
2, 5, Directed, 36, 1
9, 5, Directed, 37, 1
11, 5, Directed, 38, 1
15, 5, Directed, 39, 3
17, 5, Directed, 40, 3
18, 5, Directed, 41, 3
21, 5, Directed, 42, 3
22, 5, Directed, 43, 3
23, 5, Directed, 44, 3
24, 5, Directed, 45, 3
25, 5, Directed, 46, 3
1, 6, Directed, 47, 1
2, 6, Directed, 48, 1
9, 6, Directed, 49, 1
10, 6, Directed, 50, 1
14, 6, Directed, 51, 1
15, 6, Directed, 52, 3
18, 6, Directed, 53, 3
20, 6, Directed, 54, 3
23, 6, Directed, 55, 3
24, 6, Directed, 56, 3
25, 6, Directed, 57, 3
26, 6, Directed, 58, 3
1, 7, Directed, 59, 1
2, 7, Directed, 60, 1
8, 7, Directed, 61, 1
13, 7, Directed, 62, 1
15, 7, Directed, 63, 3
17, 7, Directed, 64, 3
19, 7, Directed, 65, 3
23, 7, Directed, 66, 3
24, 7, Directed, 67, 3
25, 7, Directed, 68, 3
2, 8, Directed, 69, 1
4, 8, Directed, 70, 1
7, 8, Directed, 71, 1
9, 8, Directed, 72, 1
17, 8, Directed, 73, 3
18, 8, Directed, 74, 3
24, 8, Directed, 75, 3
25, 8, Directed, 76, 3
26, 8, Directed, 77, 3
1, 9, Directed, 78, 1
4, 9, Directed, 79, 1
12, 9, Directed, 80, 1
13, 9, Directed, 81, 1
14, 9, Directed, 82, 1
16, 9, Directed, 83, 3
18, 9, Directed, 84, 3
19, 9, Directed, 85, 3
21, 9, Directed, 86, 3
22, 9, Directed, 87, 3
24, 9, Directed, 88, 3
25, 9, Directed, 89, 3
4, 10, Directed, 90, 1
6, 10, Directed, 91, 1
7, 10, Directed, 92, 1
8, 10, Directed, 93, 1
11, 10, Directed, 94, 1
12, 10, Directed, 95, 1
13, 10, Directed, 96, 1
17, 10, Directed, 97, 3
21, 10, Directed, 98, 3
24, 10, Directed, 99, 3
25, 10, Directed, 100, 3
3, 11, Directed, 101, 1
7, 11, Directed, 102, 1
10, 11, Directed, 103, 1
19, 11, Directed, 104, 3
22, 11, Directed, 105, 3
23, 11, Directed, 106, 3
2, 12, Directed, 107, 1
7, 12, Directed, 108, 1
11, 12, Directed, 109, 1
20, 12, Directed, 110, 3
21, 12, Directed, 111, 3
22, 12, Directed, 112, 3
24, 12, Directed, 113, 3
6, 13, Directed, 114, 1
10, 13, Directed, 115, 1
11, 13, Directed, 116, 1
14, 13, Directed, 117, 1
21, 13, Directed, 118, 3
26, 13, Directed, 119, 3
1, 14, Directed, 120, 1
6, 14, Directed, 121, 1
7, 14, Directed, 122, 1
9, 14, Directed, 123, 1
11, 14, Directed, 124, 1
12, 14, Directed, 125, 1
13, 14, Directed, 126, 1
15, 14, Directed, 127, 3
21, 14, Directed, 128, 3
25, 14, Directed, 129, 3
26, 14, Directed, 130, 3
1, 15, Directed, 131, 2
4, 15, Directed, 132, 2
5, 15, Directed, 133, 2
9, 15, Directed, 134, 2
17, 15, Directed, 135, 4
18, 15, Directed, 136, 4
20, 15, Directed, 137, 4
21, 15, Directed, 138, 4
22, 15, Directed, 139, 4
25, 15, Directed, 140, 4
26, 15, Directed, 141, 4
1, 16, Directed, 142, 2
2, 16, Directed, 143, 2
6, 16, Directed, 144, 2
8, 16, Directed, 145, 2
9, 16, Directed, 146, 2
10, 16, Directed, 147, 2
15, 16, Directed, 148, 4
25, 16, Directed, 149, 4
1, 17, Directed, 150, 2
3, 17, Directed, 151, 2
9, 17, Directed, 152, 2
10, 17, Directed, 153, 2
12, 17, Directed, 154, 2
14, 17, Directed, 155, 2
15, 17, Directed, 156, 4
16, 17, Directed, 157, 4
22, 17, Directed, 158, 4
23, 17, Directed, 159, 4
26, 17, Directed, 160, 4
1, 18, Directed, 161, 2
3, 18, Directed, 162, 2
4, 18, Directed, 163, 2
5, 18, Directed, 164, 2
13, 18, Directed, 165, 2
14, 18, Directed, 166, 2
17, 18, Directed, 167, 4
19, 18, Directed, 168, 4
20, 18, Directed, 169, 4
21, 18, Directed, 170, 4
24, 18, Directed, 171, 4
26, 18, Directed, 172, 4
1, 19, Directed, 173, 2
2, 19, Directed, 174, 2
5, 19, Directed, 175, 2
6, 19, Directed, 176, 2
7, 19, Directed, 177, 2
8, 19, Directed, 178, 2
11, 19, Directed, 179, 2
17, 19, Directed, 180, 4
20, 19, Directed, 181, 4
21, 19, Directed, 182, 4
22, 19, Directed, 183, 4
23, 19, Directed, 184, 4
24, 19, Directed, 185, 4
2, 20, Directed, 186, 2
6, 20, Directed, 187, 2
7, 20, Directed, 188, 2
9, 20, Directed, 189, 2
12, 20, Directed, 190, 2
14, 20, Directed, 191, 2
15, 20, Directed, 192, 4
18, 20, Directed, 193, 4
19, 20, Directed, 194, 4
22, 20, Directed, 195, 4
23, 20, Directed, 196, 4
24, 20, Directed, 197, 4
1, 21, Directed, 198, 2
2, 21, Directed, 199, 2
3, 21, Directed, 200, 2
10, 21, Directed, 201, 2
11, 21, Directed, 202, 2
15, 21, Directed, 203, 4
18, 21, Directed, 204, 4
20, 21, Directed, 205, 4
22, 21, Directed, 206, 4
25, 21, Directed, 207, 4
1, 22, Directed, 208, 2
6, 22, Directed, 209, 2
7, 22, Directed, 210, 2
9, 22, Directed, 211, 2
11, 22, Directed, 212, 2
12, 22, Directed, 213, 2
13, 22, Directed, 214, 2
14, 22, Directed, 215, 2
17, 22, Directed, 216, 4
19, 22, Directed, 217, 4
20, 22, Directed, 218, 4
23, 22, Directed, 219, 4
1, 23, Directed, 220, 2
2, 23, Directed, 221, 2
5, 23, Directed, 222, 2
6, 23, Directed, 223, 2
7, 23, Directed, 224, 2
9, 23, Directed, 225, 2
11, 23, Directed, 226, 2
13, 23, Directed, 227, 2
14, 23, Directed, 228, 2
15, 23, Directed, 229, 4
16, 23, Directed, 230, 4
17, 23, Directed, 231, 4
24, 23, Directed, 232, 4
1, 24, Directed, 233, 2
2, 24, Directed, 234, 2
10, 24, Directed, 235, 2
18, 24, Directed, 236, 4
21, 24, Directed, 237, 4
22, 24, Directed, 238, 4
23, 24, Directed, 239, 4
26, 24, Directed, 240, 4
6, 25, Directed, 241, 2
11, 25, Directed, 242, 2
13, 25, Directed, 243, 2
17, 25, Directed, 244, 4
19, 25, Directed, 245, 4
21, 25, Directed, 246, 4
24, 25, Directed, 247, 4
1, 26, Directed, 248, 2
6, 26, Directed, 249, 2
7, 26, Directed, 250, 2
10, 26, Directed, 251, 2
11, 26, Directed, 252, 2
15, 26, Directed, 253, 4
23, 26, Directed, 254, 4
25, 26, Directed, 255, 4
