Source, Target, Type, Id, Weight
2, 1, Directed, 1, 1
4, 1, Directed, 2, 1
6, 1, Directed, 3, 1
8, 1, Directed, 4, 1
10, 1, Directed, 5, 1
11, 1, Directed, 6, 1
12, 1, Directed, 7, 1
14, 1, Directed, 8, 1
16, 1, Directed, 9, 3
19, 1, Directed, 10, 3
22, 1, Directed, 11, 3
23, 1, Directed, 12, 3
8, 2, Directed, 13, 1
10, 2, Directed, 14, 1
11, 2, Directed, 15, 1
12, 2, Directed, 16, 1
14, 2, Directed, 17, 1
15, 2, Directed, 18, 3
25, 2, Directed, 19, 3
26, 2, Directed, 20, 3
1, 3, Directed, 21, 1
5, 3, Directed, 22, 1
12, 3, Directed, 23, 1
13, 3, Directed, 24, 1
16, 3, Directed, 25, 3
18, 3, Directed, 26, 3
23, 3, Directed, 27, 3
24, 3, Directed, 28, 3
26, 3, Directed, 29, 3
2, 4, Directed, 30, 1
3, 4, Directed, 31, 1
8, 4, Directed, 32, 1
14, 4, Directed, 33, 1
18, 4, Directed, 34, 3
21, 4, Directed, 35, 3
22, 4, Directed, 36, 3
25, 4, Directed, 37, 3
1, 5, Directed, 38, 1
4, 5, Directed, 39, 1
7, 5, Directed, 40, 1
9, 5, Directed, 41, 1
10, 5, Directed, 42, 1
14, 5, Directed, 43, 1
18, 5, Directed, 44, 3
23, 5, Directed, 45, 3
26, 5, Directed, 46, 3
5, 6, Directed, 47, 1
7, 6, Directed, 48, 1
15, 6, Directed, 49, 3
18, 6, Directed, 50, 3
20, 6, Directed, 51, 3
21, 6, Directed, 52, 3
23, 6, Directed, 53, 3
24, 6, Directed, 54, 3
25, 6, Directed, 55, 3
1, 7, Directed, 56, 1
3, 7, Directed, 57, 1
6, 7, Directed, 58, 1
10, 7, Directed, 59, 1
15, 7, Directed, 60, 3
16, 7, Directed, 61, 3
21, 7, Directed, 62, 3
22, 7, Directed, 63, 3
23, 7, Directed, 64, 3
24, 7, Directed, 65, 3
3, 8, Directed, 66, 1
6, 8, Directed, 67, 1
9, 8, Directed, 68, 1
10, 8, Directed, 69, 1
11, 8, Directed, 70, 1
18, 8, Directed, 71, 3
24, 8, Directed, 72, 3
25, 8, Directed, 73, 3
7, 9, Directed, 74, 1
12, 9, Directed, 75, 1
13, 9, Directed, 76, 1
24, 9, Directed, 77, 3
25, 9, Directed, 78, 3
26, 9, Directed, 79, 3
1, 10, Directed, 80, 1
11, 10, Directed, 81, 1
16, 10, Directed, 82, 3
19, 10, Directed, 83, 3
20, 10, Directed, 84, 3
21, 10, Directed, 85, 3
23, 10, Directed, 86, 3
7, 11, Directed, 87, 1
9, 11, Directed, 88, 1
10, 11, Directed, 89, 1
12, 11, Directed, 90, 1
13, 11, Directed, 91, 1
16, 11, Directed, 92, 3
21, 11, Directed, 93, 3
23, 11, Directed, 94, 3
3, 12, Directed, 95, 1
14, 12, Directed, 96, 1
16, 12, Directed, 97, 3
20, 12, Directed, 98, 3
25, 12, Directed, 99, 3
1, 13, Directed, 100, 1
9, 13, Directed, 101, 1
11, 13, Directed, 102, 1
19, 13, Directed, 103, 3
20, 13, Directed, 104, 3
22, 13, Directed, 105, 3
24, 13, Directed, 106, 3
1, 14, Directed, 107, 1
2, 14, Directed, 108, 1
3, 14, Directed, 109, 1
7, 14, Directed, 110, 1
9, 14, Directed, 111, 1
12, 14, Directed, 112, 1
19, 14, Directed, 113, 3
20, 14, Directed, 114, 3
25, 14, Directed, 115, 3
26, 14, Directed, 116, 3
1, 15, Directed, 117, 2
2, 15, Directed, 118, 2
8, 15, Directed, 119, 2
10, 15, Directed, 120, 2
12, 15, Directed, 121, 2
14, 15, Directed, 122, 2
18, 15, Directed, 123, 4
19, 15, Directed, 124, 4
21, 15, Directed, 125, 4
23, 15, Directed, 126, 4
3, 16, Directed, 127, 2
4, 16, Directed, 128, 2
7, 16, Directed, 129, 2
8, 16, Directed, 130, 2
9, 16, Directed, 131, 2
19, 16, Directed, 132, 4
23, 16, Directed, 133, 4
24, 16, Directed, 134, 4
3, 18, Directed, 135, 2
4, 18, Directed, 136, 2
5, 18, Directed, 137, 2
7, 18, Directed, 138, 2
8, 18, Directed, 139, 2
9, 18, Directed, 140, 2
10, 18, Directed, 141, 2
13, 18, Directed, 142, 2
19, 18, Directed, 143, 4
1, 19, Directed, 144, 2
2, 19, Directed, 145, 2
5, 19, Directed, 146, 2
6, 19, Directed, 147, 2
8, 19, Directed, 148, 2
10, 19, Directed, 149, 2
13, 19, Directed, 150, 2
16, 19, Directed, 151, 4
1, 20, Directed, 152, 2
3, 20, Directed, 153, 2
4, 20, Directed, 154, 2
5, 20, Directed, 155, 2
12, 20, Directed, 156, 2
13, 20, Directed, 157, 2
14, 20, Directed, 158, 2
15, 20, Directed, 159, 4
22, 20, Directed, 160, 4
3, 21, Directed, 161, 2
4, 21, Directed, 162, 2
5, 21, Directed, 163, 2
8, 21, Directed, 164, 2
9, 21, Directed, 165, 2
10, 21, Directed, 166, 2
12, 21, Directed, 167, 2
15, 21, Directed, 168, 4
24, 21, Directed, 169, 4
26, 21, Directed, 170, 4
5, 22, Directed, 171, 2
10, 22, Directed, 172, 2
12, 22, Directed, 173, 2
13, 22, Directed, 174, 2
14, 22, Directed, 175, 2
16, 22, Directed, 176, 4
20, 22, Directed, 177, 4
6, 23, Directed, 178, 2
13, 23, Directed, 179, 2
14, 23, Directed, 180, 2
25, 23, Directed, 181, 4
26, 23, Directed, 182, 4
1, 24, Directed, 183, 2
4, 24, Directed, 184, 2
6, 24, Directed, 185, 2
8, 24, Directed, 186, 2
9, 24, Directed, 187, 2
11, 24, Directed, 188, 2
15, 24, Directed, 189, 4
18, 24, Directed, 190, 4
21, 24, Directed, 191, 4
1, 25, Directed, 192, 2
2, 25, Directed, 193, 2
20, 25, Directed, 194, 4
23, 25, Directed, 195, 4
26, 25, Directed, 196, 4
3, 26, Directed, 197, 2
4, 26, Directed, 198, 2
6, 26, Directed, 199, 2
7, 26, Directed, 200, 2
19, 26, Directed, 201, 4
20, 26, Directed, 202, 4
22, 26, Directed, 203, 4
