Source, Target, Type, Id, Weight
2, 1, Directed, 1, 1
4, 1, Directed, 2, 1
6, 1, Directed, 3, 1
7, 1, Directed, 4, 1
10, 1, Directed, 5, 1
11, 1, Directed, 6, 1
12, 1, Directed, 7, 1
13, 1, Directed, 8, 1
18, 1, Directed, 9, 3
19, 1, Directed, 10, 3
21, 1, Directed, 11, 3
23, 1, Directed, 12, 3
24, 1, Directed, 13, 3
25, 1, Directed, 14, 3
26, 1, Directed, 15, 3
3, 2, Directed, 16, 1
6, 2, Directed, 17, 1
7, 2, Directed, 18, 1
12, 2, Directed, 19, 1
13, 2, Directed, 20, 1
15, 2, Directed, 21, 3
23, 2, Directed, 22, 3
6, 3, Directed, 23, 1
7, 3, Directed, 24, 1
8, 3, Directed, 25, 1
9, 3, Directed, 26, 1
11, 3, Directed, 27, 1
12, 3, Directed, 28, 1
14, 3, Directed, 29, 1
15, 3, Directed, 30, 3
17, 3, Directed, 31, 3
19, 3, Directed, 32, 3
20, 3, Directed, 33, 3
24, 3, Directed, 34, 3
26, 3, Directed, 35, 3
2, 4, Directed, 36, 1
3, 4, Directed, 37, 1
12, 4, Directed, 38, 1
18, 4, Directed, 39, 3
22, 4, Directed, 40, 3
24, 4, Directed, 41, 3
26, 4, Directed, 42, 3
1, 5, Directed, 43, 1
7, 5, Directed, 44, 1
8, 5, Directed, 45, 1
9, 5, Directed, 46, 1
14, 5, Directed, 47, 1
15, 5, Directed, 48, 3
18, 5, Directed, 49, 3
22, 5, Directed, 50, 3
23, 5, Directed, 51, 3
24, 5, Directed, 52, 3
26, 5, Directed, 53, 3
1, 6, Directed, 54, 1
13, 6, Directed, 55, 1
15, 6, Directed, 56, 3
18, 6, Directed, 57, 3
22, 6, Directed, 58, 3
24, 6, Directed, 59, 3
25, 6, Directed, 60, 3
1, 7, Directed, 61, 1
9, 7, Directed, 62, 1
10, 7, Directed, 63, 1
11, 7, Directed, 64, 1
13, 7, Directed, 65, 1
15, 7, Directed, 66, 3
17, 7, Directed, 67, 3
24, 7, Directed, 68, 3
25, 7, Directed, 69, 3
26, 7, Directed, 70, 3
1, 8, Directed, 71, 1
3, 8, Directed, 72, 1
5, 8, Directed, 73, 1
6, 8, Directed, 74, 1
9, 8, Directed, 75, 1
10, 8, Directed, 76, 1
15, 8, Directed, 77, 3
17, 8, Directed, 78, 3
18, 8, Directed, 79, 3
21, 8, Directed, 80, 3
23, 8, Directed, 81, 3
24, 8, Directed, 82, 3
1, 9, Directed, 83, 1
6, 9, Directed, 84, 1
13, 9, Directed, 85, 1
14, 9, Directed, 86, 1
15, 9, Directed, 87, 3
20, 9, Directed, 88, 3
22, 9, Directed, 89, 3
24, 9, Directed, 90, 3
26, 9, Directed, 91, 3
2, 10, Directed, 92, 1
3, 10, Directed, 93, 1
8, 10, Directed, 94, 1
11, 10, Directed, 95, 1
13, 10, Directed, 96, 1
14, 10, Directed, 97, 1
21, 10, Directed, 98, 3
22, 10, Directed, 99, 3
23, 10, Directed, 100, 3
24, 10, Directed, 101, 3
26, 10, Directed, 102, 3
1, 11, Directed, 103, 1
2, 11, Directed, 104, 1
3, 11, Directed, 105, 1
6, 11, Directed, 106, 1
8, 11, Directed, 107, 1
19, 11, Directed, 108, 3
22, 11, Directed, 109, 3
23, 11, Directed, 110, 3
24, 11, Directed, 111, 3
26, 11, Directed, 112, 3
2, 12, Directed, 113, 1
7, 12, Directed, 114, 1
9, 12, Directed, 115, 1
10, 12, Directed, 116, 1
11, 12, Directed, 117, 1
13, 12, Directed, 118, 1
18, 12, Directed, 119, 3
21, 12, Directed, 120, 3
22, 12, Directed, 121, 3
24, 12, Directed, 122, 3
26, 12, Directed, 123, 3
4, 13, Directed, 124, 1
7, 13, Directed, 125, 1
11, 13, Directed, 126, 1
12, 13, Directed, 127, 1
16, 13, Directed, 128, 3
19, 13, Directed, 129, 3
21, 13, Directed, 130, 3
24, 13, Directed, 131, 3
26, 13, Directed, 132, 3
1, 14, Directed, 133, 1
2, 14, Directed, 134, 1
11, 14, Directed, 135, 1
15, 14, Directed, 136, 3
16, 14, Directed, 137, 3
20, 14, Directed, 138, 3
21, 14, Directed, 139, 3
24, 14, Directed, 140, 3
26, 14, Directed, 141, 3
4, 15, Directed, 142, 2
5, 15, Directed, 143, 2
6, 15, Directed, 144, 2
10, 15, Directed, 145, 2
13, 15, Directed, 146, 2
17, 15, Directed, 147, 4
20, 15, Directed, 148, 4
24, 15, Directed, 149, 4
25, 15, Directed, 150, 4
8, 16, Directed, 151, 2
17, 16, Directed, 152, 4
19, 16, Directed, 153, 4
1, 17, Directed, 154, 2
3, 17, Directed, 155, 2
6, 17, Directed, 156, 2
7, 17, Directed, 157, 2
13, 17, Directed, 158, 2
14, 17, Directed, 159, 2
16, 17, Directed, 160, 4
20, 17, Directed, 161, 4
23, 17, Directed, 162, 4
24, 17, Directed, 163, 4
26, 17, Directed, 164, 4
4, 18, Directed, 165, 2
6, 18, Directed, 166, 2
7, 18, Directed, 167, 2
8, 18, Directed, 168, 2
9, 18, Directed, 169, 2
13, 18, Directed, 170, 2
14, 18, Directed, 171, 2
17, 18, Directed, 172, 4
19, 18, Directed, 173, 4
20, 18, Directed, 174, 4
21, 18, Directed, 175, 4
24, 18, Directed, 176, 4
2, 19, Directed, 177, 2
3, 19, Directed, 178, 2
10, 19, Directed, 179, 2
17, 19, Directed, 180, 4
21, 19, Directed, 181, 4
22, 19, Directed, 182, 4
24, 19, Directed, 183, 4
25, 19, Directed, 184, 4
1, 20, Directed, 185, 2
8, 20, Directed, 186, 2
9, 20, Directed, 187, 2
10, 20, Directed, 188, 2
12, 20, Directed, 189, 2
14, 20, Directed, 190, 2
15, 20, Directed, 191, 4
18, 20, Directed, 192, 4
19, 20, Directed, 193, 4
21, 20, Directed, 194, 4
23, 20, Directed, 195, 4
2, 21, Directed, 196, 2
5, 21, Directed, 197, 2
6, 21, Directed, 198, 2
13, 21, Directed, 199, 2
18, 21, Directed, 200, 4
20, 21, Directed, 201, 4
25, 21, Directed, 202, 4
3, 22, Directed, 203, 2
8, 22, Directed, 204, 2
14, 22, Directed, 205, 2
15, 22, Directed, 206, 4
16, 22, Directed, 207, 4
17, 22, Directed, 208, 4
19, 22, Directed, 209, 4
23, 22, Directed, 210, 4
24, 22, Directed, 211, 4
25, 22, Directed, 212, 4
26, 22, Directed, 213, 4
1, 23, Directed, 214, 2
6, 23, Directed, 215, 2
7, 23, Directed, 216, 2
9, 23, Directed, 217, 2
11, 23, Directed, 218, 2
15, 23, Directed, 219, 4
17, 23, Directed, 220, 4
18, 23, Directed, 221, 4
20, 23, Directed, 222, 4
24, 23, Directed, 223, 4
5, 24, Directed, 224, 2
8, 24, Directed, 225, 2
9, 24, Directed, 226, 2
13, 24, Directed, 227, 2
15, 24, Directed, 228, 4
17, 24, Directed, 229, 4
18, 24, Directed, 230, 4
19, 24, Directed, 231, 4
23, 24, Directed, 232, 4
25, 24, Directed, 233, 4
26, 24, Directed, 234, 4
2, 25, Directed, 235, 2
5, 25, Directed, 236, 2
9, 25, Directed, 237, 2
13, 25, Directed, 238, 2
16, 25, Directed, 239, 4
18, 25, Directed, 240, 4
22, 25, Directed, 241, 4
24, 25, Directed, 242, 4
2, 26, Directed, 243, 2
4, 26, Directed, 244, 2
5, 26, Directed, 245, 2
9, 26, Directed, 246, 2
16, 26, Directed, 247, 4
21, 26, Directed, 248, 4
22, 26, Directed, 249, 4
23, 26, Directed, 250, 4
25, 26, Directed, 251, 4
