Source, Target, Type, Id, Weight
2, 1, Directed, 1, 1
7, 1, Directed, 2, 1
9, 1, Directed, 3, 1
10, 1, Directed, 4, 1
12, 1, Directed, 5, 1
13, 1, Directed, 6, 1
14, 1, Directed, 7, 1
15, 1, Directed, 8, 3
18, 1, Directed, 9, 3
19, 1, Directed, 10, 3
20, 1, Directed, 11, 3
26, 1, Directed, 12, 3
1, 2, Directed, 13, 1
4, 2, Directed, 14, 1
6, 2, Directed, 15, 1
9, 2, Directed, 16, 1
10, 2, Directed, 17, 1
15, 2, Directed, 18, 3
19, 2, Directed, 19, 3
2, 3, Directed, 20, 1
4, 3, Directed, 21, 1
7, 3, Directed, 22, 1
11, 3, Directed, 23, 1
12, 3, Directed, 24, 1
14, 3, Directed, 25, 1
19, 3, Directed, 26, 3
24, 3, Directed, 27, 3
25, 3, Directed, 28, 3
1, 4, Directed, 29, 1
7, 4, Directed, 30, 1
9, 4, Directed, 31, 1
12, 4, Directed, 32, 1
13, 4, Directed, 33, 1
14, 4, Directed, 34, 1
15, 4, Directed, 35, 3
19, 4, Directed, 36, 3
23, 4, Directed, 37, 3
24, 4, Directed, 38, 3
26, 4, Directed, 39, 3
3, 5, Directed, 40, 1
4, 5, Directed, 41, 1
7, 5, Directed, 42, 1
9, 5, Directed, 43, 1
10, 5, Directed, 44, 1
18, 5, Directed, 45, 3
20, 5, Directed, 46, 3
23, 5, Directed, 47, 3
1, 6, Directed, 48, 1
4, 6, Directed, 49, 1
10, 6, Directed, 50, 1
13, 6, Directed, 51, 1
14, 6, Directed, 52, 1
15, 6, Directed, 53, 3
18, 6, Directed, 54, 3
20, 6, Directed, 55, 3
22, 6, Directed, 56, 3
23, 6, Directed, 57, 3
26, 6, Directed, 58, 3
1, 7, Directed, 59, 1
2, 7, Directed, 60, 1
8, 7, Directed, 61, 1
9, 7, Directed, 62, 1
11, 7, Directed, 63, 1
14, 7, Directed, 64, 1
15, 7, Directed, 65, 3
19, 7, Directed, 66, 3
20, 7, Directed, 67, 3
25, 7, Directed, 68, 3
26, 7, Directed, 69, 3
1, 8, Directed, 70, 1
5, 8, Directed, 71, 1
6, 8, Directed, 72, 1
9, 8, Directed, 73, 1
13, 8, Directed, 74, 1
14, 8, Directed, 75, 1
15, 8, Directed, 76, 3
19, 8, Directed, 77, 3
20, 8, Directed, 78, 3
22, 8, Directed, 79, 3
26, 8, Directed, 80, 3
1, 9, Directed, 81, 1
6, 9, Directed, 82, 1
10, 9, Directed, 83, 1
11, 9, Directed, 84, 1
12, 9, Directed, 85, 1
15, 9, Directed, 86, 3
18, 9, Directed, 87, 3
19, 9, Directed, 88, 3
21, 9, Directed, 89, 3
24, 9, Directed, 90, 3
26, 9, Directed, 91, 3
2, 10, Directed, 92, 1
9, 10, Directed, 93, 1
11, 10, Directed, 94, 1
16, 10, Directed, 95, 3
19, 10, Directed, 96, 3
20, 10, Directed, 97, 3
7, 11, Directed, 98, 1
13, 11, Directed, 99, 1
15, 11, Directed, 100, 3
16, 11, Directed, 101, 3
19, 11, Directed, 102, 3
20, 11, Directed, 103, 3
21, 11, Directed, 104, 3
22, 11, Directed, 105, 3
23, 11, Directed, 106, 3
26, 11, Directed, 107, 3
1, 12, Directed, 108, 1
2, 12, Directed, 109, 1
8, 12, Directed, 110, 1
20, 12, Directed, 111, 3
23, 12, Directed, 112, 3
24, 12, Directed, 113, 3
25, 12, Directed, 114, 3
1, 13, Directed, 115, 1
2, 13, Directed, 116, 1
3, 13, Directed, 117, 1
4, 13, Directed, 118, 1
6, 13, Directed, 119, 1
7, 13, Directed, 120, 1
9, 13, Directed, 121, 1
11, 13, Directed, 122, 1
14, 13, Directed, 123, 1
15, 13, Directed, 124, 3
18, 13, Directed, 125, 3
19, 13, Directed, 126, 3
25, 13, Directed, 127, 3
26, 13, Directed, 128, 3
1, 14, Directed, 129, 1
2, 14, Directed, 130, 1
3, 14, Directed, 131, 1
6, 14, Directed, 132, 1
7, 14, Directed, 133, 1
8, 14, Directed, 134, 1
10, 14, Directed, 135, 1
11, 14, Directed, 136, 1
12, 14, Directed, 137, 1
13, 14, Directed, 138, 1
15, 14, Directed, 139, 3
18, 14, Directed, 140, 3
19, 14, Directed, 141, 3
23, 14, Directed, 142, 3
24, 14, Directed, 143, 3
25, 14, Directed, 144, 3
26, 14, Directed, 145, 3
2, 15, Directed, 146, 2
3, 15, Directed, 147, 2
4, 15, Directed, 148, 2
5, 15, Directed, 149, 2
9, 15, Directed, 150, 2
10, 15, Directed, 151, 2
12, 15, Directed, 152, 2
14, 15, Directed, 153, 2
18, 15, Directed, 154, 4
22, 15, Directed, 155, 4
2, 16, Directed, 156, 2
6, 16, Directed, 157, 2
8, 16, Directed, 158, 2
9, 16, Directed, 159, 2
19, 16, Directed, 160, 4
20, 16, Directed, 161, 4
3, 18, Directed, 162, 2
9, 18, Directed, 163, 2
12, 18, Directed, 164, 2
13, 18, Directed, 165, 2
16, 18, Directed, 166, 4
20, 18, Directed, 167, 4
24, 18, Directed, 168, 4
1, 19, Directed, 169, 2
2, 19, Directed, 170, 2
3, 19, Directed, 171, 2
9, 19, Directed, 172, 2
21, 19, Directed, 173, 4
23, 19, Directed, 174, 4
24, 19, Directed, 175, 4
25, 19, Directed, 176, 4
1, 20, Directed, 177, 2
5, 20, Directed, 178, 2
7, 20, Directed, 179, 2
9, 20, Directed, 180, 2
11, 20, Directed, 181, 2
12, 20, Directed, 182, 2
13, 20, Directed, 183, 2
14, 20, Directed, 184, 2
22, 20, Directed, 185, 4
26, 20, Directed, 186, 4
1, 21, Directed, 187, 2
3, 21, Directed, 188, 2
9, 21, Directed, 189, 2
10, 21, Directed, 190, 2
11, 21, Directed, 191, 2
13, 21, Directed, 192, 2
20, 21, Directed, 193, 4
23, 21, Directed, 194, 4
3, 22, Directed, 195, 2
5, 22, Directed, 196, 2
6, 22, Directed, 197, 2
7, 22, Directed, 198, 2
10, 22, Directed, 199, 2
11, 22, Directed, 200, 2
12, 22, Directed, 201, 2
16, 22, Directed, 202, 4
20, 22, Directed, 203, 4
23, 22, Directed, 204, 4
7, 23, Directed, 205, 2
11, 23, Directed, 206, 2
12, 23, Directed, 207, 2
14, 23, Directed, 208, 2
16, 23, Directed, 209, 4
19, 23, Directed, 210, 4
20, 23, Directed, 211, 4
25, 23, Directed, 212, 4
26, 23, Directed, 213, 4
1, 24, Directed, 214, 2
2, 24, Directed, 215, 2
3, 24, Directed, 216, 2
5, 24, Directed, 217, 2
13, 24, Directed, 218, 2
18, 24, Directed, 219, 4
21, 24, Directed, 220, 4
22, 24, Directed, 221, 4
23, 24, Directed, 222, 4
25, 24, Directed, 223, 4
3, 25, Directed, 224, 2
5, 25, Directed, 225, 2
6, 25, Directed, 226, 2
8, 25, Directed, 227, 2
13, 25, Directed, 228, 2
15, 25, Directed, 229, 4
18, 25, Directed, 230, 4
19, 25, Directed, 231, 4
26, 25, Directed, 232, 4
4, 26, Directed, 233, 2
5, 26, Directed, 234, 2
6, 26, Directed, 235, 2
10, 26, Directed, 236, 2
11, 26, Directed, 237, 2
12, 26, Directed, 238, 2
16, 26, Directed, 239, 4
21, 26, Directed, 240, 4
23, 26, Directed, 241, 4
24, 26, Directed, 242, 4
25, 26, Directed, 243, 4
