Source, Target, Type, Id, Weight
4, 1, Directed, 1, 1
5, 1, Directed, 2, 1
6, 1, Directed, 3, 1
7, 1, Directed, 4, 1
10, 1, Directed, 5, 1
12, 1, Directed, 6, 1
13, 1, Directed, 7, 1
19, 1, Directed, 8, 3
20, 1, Directed, 9, 3
22, 1, Directed, 10, 3
12, 2, Directed, 11, 1
16, 2, Directed, 12, 3
18, 2, Directed, 13, 3
20, 2, Directed, 14, 3
26, 2, Directed, 15, 3
1, 3, Directed, 16, 1
4, 3, Directed, 17, 1
5, 3, Directed, 18, 1
7, 3, Directed, 19, 1
11, 3, Directed, 20, 1
12, 3, Directed, 21, 1
18, 3, Directed, 22, 3
20, 3, Directed, 23, 3
21, 3, Directed, 24, 3
23, 3, Directed, 25, 3
24, 3, Directed, 26, 3
25, 3, Directed, 27, 3
3, 4, Directed, 28, 1
5, 4, Directed, 29, 1
7, 4, Directed, 30, 1
18, 4, Directed, 31, 3
22, 4, Directed, 32, 3
23, 4, Directed, 33, 3
25, 4, Directed, 34, 3
6, 5, Directed, 35, 1
10, 5, Directed, 36, 1
11, 5, Directed, 37, 1
13, 5, Directed, 38, 1
23, 5, Directed, 39, 3
3, 6, Directed, 40, 1
13, 6, Directed, 41, 1
18, 6, Directed, 42, 3
20, 6, Directed, 43, 3
2, 7, Directed, 44, 1
3, 7, Directed, 45, 1
11, 7, Directed, 46, 1
15, 7, Directed, 47, 3
18, 7, Directed, 48, 3
19, 7, Directed, 49, 3
20, 7, Directed, 50, 3
21, 7, Directed, 51, 3
23, 7, Directed, 52, 3
24, 7, Directed, 53, 3
25, 7, Directed, 54, 3
5, 8, Directed, 55, 1
9, 8, Directed, 56, 1
12, 8, Directed, 57, 1
13, 8, Directed, 58, 1
15, 8, Directed, 59, 3
18, 8, Directed, 60, 3
22, 8, Directed, 61, 3
23, 8, Directed, 62, 3
25, 8, Directed, 63, 3
1, 9, Directed, 64, 1
5, 9, Directed, 65, 1
7, 9, Directed, 66, 1
8, 9, Directed, 67, 1
10, 9, Directed, 68, 1
19, 9, Directed, 69, 3
21, 9, Directed, 70, 3
24, 9, Directed, 71, 3
11, 10, Directed, 72, 1
13, 10, Directed, 73, 1
14, 10, Directed, 74, 1
19, 10, Directed, 75, 3
5, 11, Directed, 76, 1
8, 11, Directed, 77, 1
12, 11, Directed, 78, 1
16, 11, Directed, 79, 3
18, 11, Directed, 80, 3
20, 11, Directed, 81, 3
21, 11, Directed, 82, 3
23, 11, Directed, 83, 3
24, 11, Directed, 84, 3
25, 11, Directed, 85, 3
1, 12, Directed, 86, 1
2, 12, Directed, 87, 1
4, 12, Directed, 88, 1
7, 12, Directed, 89, 1
11, 12, Directed, 90, 1
14, 12, Directed, 91, 1
16, 12, Directed, 92, 3
19, 12, Directed, 93, 3
22, 12, Directed, 94, 3
24, 12, Directed, 95, 3
1, 13, Directed, 96, 1
5, 13, Directed, 97, 1
6, 13, Directed, 98, 1
7, 13, Directed, 99, 1
8, 13, Directed, 100, 1
9, 13, Directed, 101, 1
10, 13, Directed, 102, 1
11, 13, Directed, 103, 1
12, 13, Directed, 104, 1
18, 13, Directed, 105, 3
21, 13, Directed, 106, 3
25, 13, Directed, 107, 3
3, 14, Directed, 108, 1
5, 14, Directed, 109, 1
7, 14, Directed, 110, 1
15, 14, Directed, 111, 3
16, 14, Directed, 112, 3
18, 14, Directed, 113, 3
19, 14, Directed, 114, 3
22, 14, Directed, 115, 3
24, 14, Directed, 116, 3
1, 15, Directed, 117, 2
2, 15, Directed, 118, 2
7, 15, Directed, 119, 2
9, 15, Directed, 120, 2
10, 15, Directed, 121, 2
18, 15, Directed, 122, 4
19, 15, Directed, 123, 4
21, 15, Directed, 124, 4
24, 15, Directed, 125, 4
4, 16, Directed, 126, 2
7, 16, Directed, 127, 2
8, 16, Directed, 128, 2
11, 16, Directed, 129, 2
12, 16, Directed, 130, 2
13, 16, Directed, 131, 2
18, 16, Directed, 132, 4
20, 16, Directed, 133, 4
1, 18, Directed, 134, 2
4, 18, Directed, 135, 2
7, 18, Directed, 136, 2
10, 18, Directed, 137, 2
12, 18, Directed, 138, 2
15, 18, Directed, 139, 4
19, 18, Directed, 140, 4
20, 18, Directed, 141, 4
22, 18, Directed, 142, 4
1, 19, Directed, 143, 2
4, 19, Directed, 144, 2
5, 19, Directed, 145, 2
6, 19, Directed, 146, 2
7, 19, Directed, 147, 2
11, 19, Directed, 148, 2
12, 19, Directed, 149, 2
15, 19, Directed, 150, 4
16, 19, Directed, 151, 4
20, 19, Directed, 152, 4
21, 19, Directed, 153, 4
23, 19, Directed, 154, 4
1, 20, Directed, 155, 2
3, 20, Directed, 156, 2
5, 20, Directed, 157, 2
7, 20, Directed, 158, 2
8, 20, Directed, 159, 2
9, 20, Directed, 160, 2
11, 20, Directed, 161, 2
12, 20, Directed, 162, 2
15, 20, Directed, 163, 4
19, 20, Directed, 164, 4
22, 20, Directed, 165, 4
23, 20, Directed, 166, 4
24, 20, Directed, 167, 4
1, 21, Directed, 168, 2
3, 21, Directed, 169, 2
6, 21, Directed, 170, 2
10, 21, Directed, 171, 2
14, 21, Directed, 172, 2
18, 21, Directed, 173, 4
19, 21, Directed, 174, 4
20, 21, Directed, 175, 4
22, 21, Directed, 176, 4
24, 21, Directed, 177, 4
6, 22, Directed, 178, 2
7, 22, Directed, 179, 2
9, 22, Directed, 180, 2
10, 22, Directed, 181, 2
11, 22, Directed, 182, 2
12, 22, Directed, 183, 2
18, 22, Directed, 184, 4
19, 22, Directed, 185, 4
20, 22, Directed, 186, 4
25, 22, Directed, 187, 4
26, 22, Directed, 188, 4
3, 23, Directed, 189, 2
9, 23, Directed, 190, 2
10, 23, Directed, 191, 2
14, 23, Directed, 192, 2
18, 23, Directed, 193, 4
25, 23, Directed, 194, 4
1, 24, Directed, 195, 2
3, 24, Directed, 196, 2
5, 24, Directed, 197, 2
8, 24, Directed, 198, 2
9, 24, Directed, 199, 2
11, 24, Directed, 200, 2
12, 24, Directed, 201, 2
16, 24, Directed, 202, 4
18, 24, Directed, 203, 4
19, 24, Directed, 204, 4
20, 24, Directed, 205, 4
21, 24, Directed, 206, 4
23, 24, Directed, 207, 4
25, 24, Directed, 208, 4
1, 25, Directed, 209, 2
2, 25, Directed, 210, 2
3, 25, Directed, 211, 2
12, 25, Directed, 212, 2
26, 25, Directed, 213, 4
5, 26, Directed, 214, 2
6, 26, Directed, 215, 2
9, 26, Directed, 216, 2
11, 26, Directed, 217, 2
18, 26, Directed, 218, 4
19, 26, Directed, 219, 4
22, 26, Directed, 220, 4
24, 26, Directed, 221, 4
25, 26, Directed, 222, 4
