Source, Target, Type, Id, Weight
2, 1, Directed, 1, 1
7, 1, Directed, 2, 1
9, 1, Directed, 3, 1
10, 1, Directed, 4, 1
12, 1, Directed, 5, 1
14, 1, Directed, 6, 1
15, 1, Directed, 7, 3
18, 1, Directed, 8, 3
19, 1, Directed, 9, 3
24, 1, Directed, 10, 3
25, 1, Directed, 11, 3
26, 1, Directed, 12, 3
1, 2, Directed, 13, 1
4, 2, Directed, 14, 1
6, 2, Directed, 15, 1
7, 2, Directed, 16, 1
8, 2, Directed, 17, 1
9, 2, Directed, 18, 1
10, 2, Directed, 19, 1
13, 2, Directed, 20, 1
15, 2, Directed, 21, 3
19, 2, Directed, 22, 3
25, 2, Directed, 23, 3
4, 3, Directed, 24, 1
7, 3, Directed, 25, 1
11, 3, Directed, 26, 1
12, 3, Directed, 27, 1
14, 3, Directed, 28, 1
19, 3, Directed, 29, 3
24, 3, Directed, 30, 3
25, 3, Directed, 31, 3
1, 4, Directed, 32, 1
3, 4, Directed, 33, 1
5, 4, Directed, 34, 1
7, 4, Directed, 35, 1
9, 4, Directed, 36, 1
12, 4, Directed, 37, 1
14, 4, Directed, 38, 1
15, 4, Directed, 39, 3
19, 4, Directed, 40, 3
20, 4, Directed, 41, 3
23, 4, Directed, 42, 3
25, 4, Directed, 43, 3
26, 4, Directed, 44, 3
2, 5, Directed, 45, 1
3, 5, Directed, 46, 1
7, 5, Directed, 47, 1
9, 5, Directed, 48, 1
10, 5, Directed, 49, 1
16, 5, Directed, 50, 3
18, 5, Directed, 51, 3
20, 5, Directed, 52, 3
1, 6, Directed, 53, 1
4, 6, Directed, 54, 1
7, 6, Directed, 55, 1
9, 6, Directed, 56, 1
10, 6, Directed, 57, 1
13, 6, Directed, 58, 1
14, 6, Directed, 59, 1
15, 6, Directed, 60, 3
18, 6, Directed, 61, 3
20, 6, Directed, 62, 3
22, 6, Directed, 63, 3
23, 6, Directed, 64, 3
26, 6, Directed, 65, 3
1, 7, Directed, 66, 1
2, 7, Directed, 67, 1
8, 7, Directed, 68, 1
9, 7, Directed, 69, 1
11, 7, Directed, 70, 1
12, 7, Directed, 71, 1
13, 7, Directed, 72, 1
14, 7, Directed, 73, 1
15, 7, Directed, 74, 3
19, 7, Directed, 75, 3
20, 7, Directed, 76, 3
25, 7, Directed, 77, 3
26, 7, Directed, 78, 3
1, 8, Directed, 79, 1
5, 8, Directed, 80, 1
6, 8, Directed, 81, 1
9, 8, Directed, 82, 1
14, 8, Directed, 83, 1
15, 8, Directed, 84, 3
16, 8, Directed, 85, 3
19, 8, Directed, 86, 3
20, 8, Directed, 87, 3
22, 8, Directed, 88, 3
26, 8, Directed, 89, 3
1, 9, Directed, 90, 1
6, 9, Directed, 91, 1
10, 9, Directed, 92, 1
11, 9, Directed, 93, 1
12, 9, Directed, 94, 1
15, 9, Directed, 95, 3
18, 9, Directed, 96, 3
21, 9, Directed, 97, 3
24, 9, Directed, 98, 3
26, 9, Directed, 99, 3
2, 10, Directed, 100, 1
9, 10, Directed, 101, 1
11, 10, Directed, 102, 1
14, 10, Directed, 103, 1
19, 10, Directed, 104, 3
7, 11, Directed, 105, 1
15, 11, Directed, 106, 3
16, 11, Directed, 107, 3
19, 11, Directed, 108, 3
20, 11, Directed, 109, 3
21, 11, Directed, 110, 3
22, 11, Directed, 111, 3
23, 11, Directed, 112, 3
26, 11, Directed, 113, 3
1, 12, Directed, 114, 1
2, 12, Directed, 115, 1
8, 12, Directed, 116, 1
15, 12, Directed, 117, 3
20, 12, Directed, 118, 3
23, 12, Directed, 119, 3
24, 12, Directed, 120, 3
1, 13, Directed, 121, 1
2, 13, Directed, 122, 1
3, 13, Directed, 123, 1
11, 13, Directed, 124, 1
14, 13, Directed, 125, 1
15, 13, Directed, 126, 3
16, 13, Directed, 127, 3
22, 13, Directed, 128, 3
25, 13, Directed, 129, 3
26, 13, Directed, 130, 3
1, 14, Directed, 131, 1
2, 14, Directed, 132, 1
3, 14, Directed, 133, 1
6, 14, Directed, 134, 1
7, 14, Directed, 135, 1
8, 14, Directed, 136, 1
10, 14, Directed, 137, 1
11, 14, Directed, 138, 1
12, 14, Directed, 139, 1
13, 14, Directed, 140, 1
15, 14, Directed, 141, 3
21, 14, Directed, 142, 3
24, 14, Directed, 143, 3
26, 14, Directed, 144, 3
2, 15, Directed, 145, 2
3, 15, Directed, 146, 2
5, 15, Directed, 147, 2
9, 15, Directed, 148, 2
10, 15, Directed, 149, 2
12, 15, Directed, 150, 2
14, 15, Directed, 151, 2
19, 15, Directed, 152, 4
25, 15, Directed, 153, 4
2, 16, Directed, 154, 2
6, 16, Directed, 155, 2
8, 16, Directed, 156, 2
9, 16, Directed, 157, 2
12, 16, Directed, 158, 2
13, 16, Directed, 159, 2
19, 16, Directed, 160, 4
20, 16, Directed, 161, 4
22, 16, Directed, 162, 4
3, 18, Directed, 163, 2
16, 18, Directed, 164, 4
20, 18, Directed, 165, 4
24, 18, Directed, 166, 4
1, 19, Directed, 167, 2
2, 19, Directed, 168, 2
3, 19, Directed, 169, 2
9, 19, Directed, 170, 2
16, 19, Directed, 171, 4
21, 19, Directed, 172, 4
23, 19, Directed, 173, 4
24, 19, Directed, 174, 4
25, 19, Directed, 175, 4
1, 20, Directed, 176, 2
5, 20, Directed, 177, 2
7, 20, Directed, 178, 2
9, 20, Directed, 179, 2
11, 20, Directed, 180, 2
12, 20, Directed, 181, 2
13, 20, Directed, 182, 2
14, 20, Directed, 183, 2
22, 20, Directed, 184, 4
23, 20, Directed, 185, 4
1, 21, Directed, 186, 2
2, 21, Directed, 187, 2
3, 21, Directed, 188, 2
9, 21, Directed, 189, 2
10, 21, Directed, 190, 2
11, 21, Directed, 191, 2
20, 21, Directed, 192, 4
3, 22, Directed, 193, 2
5, 22, Directed, 194, 2
6, 22, Directed, 195, 2
7, 22, Directed, 196, 2
10, 22, Directed, 197, 2
11, 22, Directed, 198, 2
12, 22, Directed, 199, 2
16, 22, Directed, 200, 4
20, 22, Directed, 201, 4
23, 22, Directed, 202, 4
2, 23, Directed, 203, 2
11, 23, Directed, 204, 2
14, 23, Directed, 205, 2
16, 23, Directed, 206, 4
1, 24, Directed, 207, 2
3, 24, Directed, 208, 2
4, 24, Directed, 209, 2
5, 24, Directed, 210, 2
12, 24, Directed, 211, 2
18, 24, Directed, 212, 4
21, 24, Directed, 213, 4
22, 24, Directed, 214, 4
23, 24, Directed, 215, 4
3, 25, Directed, 216, 2
5, 25, Directed, 217, 2
6, 25, Directed, 218, 2
8, 25, Directed, 219, 2
12, 25, Directed, 220, 2
13, 25, Directed, 221, 2
15, 25, Directed, 222, 4
18, 25, Directed, 223, 4
19, 25, Directed, 224, 4
26, 25, Directed, 225, 4
4, 26, Directed, 226, 2
6, 26, Directed, 227, 2
11, 26, Directed, 228, 2
21, 26, Directed, 229, 4
24, 26, Directed, 230, 4
25, 26, Directed, 231, 4
