Source, Target, Type, Id, Weight
2, 1, Directed, 1, 1
3, 1, Directed, 2, 1
4, 1, Directed, 3, 1
5, 1, Directed, 4, 1
6, 1, Directed, 5, 1
8, 1, Directed, 6, 1
9, 1, Directed, 7, 1
10, 1, Directed, 8, 1
11, 1, Directed, 9, 1
12, 1, Directed, 10, 1
16, 1, Directed, 11, 3
19, 1, Directed, 12, 3
22, 1, Directed, 13, 3
23, 1, Directed, 14, 3
26, 1, Directed, 15, 3
8, 2, Directed, 16, 1
9, 2, Directed, 17, 1
12, 2, Directed, 18, 1
14, 2, Directed, 19, 1
20, 2, Directed, 20, 3
21, 2, Directed, 21, 3
5, 3, Directed, 22, 1
7, 3, Directed, 23, 1
13, 3, Directed, 24, 1
14, 3, Directed, 25, 1
16, 3, Directed, 26, 3
18, 3, Directed, 27, 3
20, 3, Directed, 28, 3
23, 3, Directed, 29, 3
24, 3, Directed, 30, 3
26, 3, Directed, 31, 3
2, 4, Directed, 32, 1
3, 4, Directed, 33, 1
14, 4, Directed, 34, 1
18, 4, Directed, 35, 3
21, 4, Directed, 36, 3
25, 4, Directed, 37, 3
26, 4, Directed, 38, 3
4, 5, Directed, 39, 1
8, 5, Directed, 40, 1
9, 5, Directed, 41, 1
12, 5, Directed, 42, 1
22, 5, Directed, 43, 3
1, 6, Directed, 44, 1
5, 6, Directed, 45, 1
11, 6, Directed, 46, 1
20, 6, Directed, 47, 3
23, 6, Directed, 48, 3
24, 6, Directed, 49, 3
3, 7, Directed, 50, 1
6, 7, Directed, 51, 1
15, 7, Directed, 52, 3
16, 7, Directed, 53, 3
21, 7, Directed, 54, 3
24, 7, Directed, 55, 3
25, 7, Directed, 56, 3
3, 8, Directed, 57, 1
6, 8, Directed, 58, 1
9, 8, Directed, 59, 1
10, 8, Directed, 60, 1
11, 8, Directed, 61, 1
14, 8, Directed, 62, 1
15, 8, Directed, 63, 3
18, 8, Directed, 64, 3
24, 8, Directed, 65, 3
25, 8, Directed, 66, 3
7, 9, Directed, 67, 1
10, 9, Directed, 68, 1
18, 9, Directed, 69, 3
19, 9, Directed, 70, 3
21, 9, Directed, 71, 3
24, 9, Directed, 72, 3
25, 9, Directed, 73, 3
11, 10, Directed, 74, 1
16, 10, Directed, 75, 3
19, 10, Directed, 76, 3
21, 10, Directed, 77, 3
23, 10, Directed, 78, 3
24, 10, Directed, 79, 3
1, 11, Directed, 80, 1
7, 11, Directed, 81, 1
9, 11, Directed, 82, 1
16, 11, Directed, 83, 3
21, 11, Directed, 84, 3
23, 11, Directed, 85, 3
25, 11, Directed, 86, 3
8, 12, Directed, 87, 1
19, 12, Directed, 88, 3
20, 12, Directed, 89, 3
1, 13, Directed, 90, 1
2, 13, Directed, 91, 1
5, 13, Directed, 92, 1
12, 13, Directed, 93, 1
15, 13, Directed, 94, 3
16, 13, Directed, 95, 3
19, 13, Directed, 96, 3
1, 14, Directed, 97, 1
2, 14, Directed, 98, 1
3, 14, Directed, 99, 1
6, 14, Directed, 100, 1
7, 14, Directed, 101, 1
11, 14, Directed, 102, 1
12, 14, Directed, 103, 1
15, 14, Directed, 104, 3
16, 14, Directed, 105, 3
19, 14, Directed, 106, 3
25, 14, Directed, 107, 3
1, 15, Directed, 108, 2
2, 15, Directed, 109, 2
3, 15, Directed, 110, 2
7, 15, Directed, 111, 2
10, 15, Directed, 112, 2
18, 15, Directed, 113, 4
19, 15, Directed, 114, 4
20, 15, Directed, 115, 4
21, 15, Directed, 116, 4
23, 15, Directed, 117, 4
3, 16, Directed, 118, 2
4, 16, Directed, 119, 2
7, 16, Directed, 120, 2
9, 16, Directed, 121, 2
19, 16, Directed, 122, 4
22, 16, Directed, 123, 4
23, 16, Directed, 124, 4
1, 18, Directed, 125, 2
4, 18, Directed, 126, 2
8, 18, Directed, 127, 2
9, 18, Directed, 128, 2
10, 18, Directed, 129, 2
13, 18, Directed, 130, 2
15, 18, Directed, 131, 4
19, 18, Directed, 132, 4
20, 18, Directed, 133, 4
1, 19, Directed, 134, 2
2, 19, Directed, 135, 2
5, 19, Directed, 136, 2
6, 19, Directed, 137, 2
7, 19, Directed, 138, 2
8, 19, Directed, 139, 2
9, 19, Directed, 140, 2
10, 19, Directed, 141, 2
13, 19, Directed, 142, 2
15, 19, Directed, 143, 4
16, 19, Directed, 144, 4
22, 19, Directed, 145, 4
4, 20, Directed, 146, 2
5, 20, Directed, 147, 2
11, 20, Directed, 148, 2
12, 20, Directed, 149, 2
13, 20, Directed, 150, 2
15, 20, Directed, 151, 4
18, 20, Directed, 152, 4
19, 20, Directed, 153, 4
22, 20, Directed, 154, 4
23, 20, Directed, 155, 4
26, 20, Directed, 156, 4
3, 21, Directed, 157, 2
4, 21, Directed, 158, 2
5, 21, Directed, 159, 2
8, 21, Directed, 160, 2
9, 21, Directed, 161, 2
10, 21, Directed, 162, 2
15, 21, Directed, 163, 4
18, 21, Directed, 164, 4
19, 21, Directed, 165, 4
22, 21, Directed, 166, 4
24, 21, Directed, 167, 4
26, 21, Directed, 168, 4
2, 22, Directed, 169, 2
5, 22, Directed, 170, 2
6, 22, Directed, 171, 2
7, 22, Directed, 172, 2
8, 22, Directed, 173, 2
10, 22, Directed, 174, 2
13, 22, Directed, 175, 2
14, 22, Directed, 176, 2
16, 22, Directed, 177, 4
24, 22, Directed, 178, 4
25, 22, Directed, 179, 4
5, 23, Directed, 180, 2
6, 23, Directed, 181, 2
7, 23, Directed, 182, 2
14, 23, Directed, 183, 2
16, 23, Directed, 184, 4
22, 23, Directed, 185, 4
24, 23, Directed, 186, 4
26, 23, Directed, 187, 4
4, 24, Directed, 188, 2
6, 24, Directed, 189, 2
7, 24, Directed, 190, 2
8, 24, Directed, 191, 2
9, 24, Directed, 192, 2
11, 24, Directed, 193, 2
13, 24, Directed, 194, 2
15, 24, Directed, 195, 4
18, 24, Directed, 196, 4
20, 24, Directed, 197, 4
21, 24, Directed, 198, 4
26, 24, Directed, 199, 4
1, 25, Directed, 200, 2
2, 25, Directed, 201, 2
3, 25, Directed, 202, 2
5, 25, Directed, 203, 2
12, 25, Directed, 204, 2
18, 25, Directed, 205, 4
26, 25, Directed, 206, 4
3, 26, Directed, 207, 2
4, 26, Directed, 208, 2
6, 26, Directed, 209, 2
8, 26, Directed, 210, 2
9, 26, Directed, 211, 2
12, 26, Directed, 212, 2
16, 26, Directed, 213, 4
18, 26, Directed, 214, 4
20, 26, Directed, 215, 4
21, 26, Directed, 216, 4
24, 26, Directed, 217, 4
